SYMBOL,IPO_DATE,COMPANY_NAME,IPO_PRICE,CURRENT_PRICE,PERCENTAGE_RETURN,THREE_MTH_DATE,THREE_MTH_IPO,PRICE_CHANGE,THREE_MTH_RETURN,PRICE_GAIN_LOSS,
SVOK,2020-12-18,Seven Oaks Acquisition,10,9.91,-0.009,2021-03-18,10.045,0.045,0.0045,Gain,
GFX,2020-12-18,Golden Falcon Acquisition,10,9.83,-0.017,2021-03-18,9.7516,-0.2484,-0.02484,Loss,
MASS,2020-12-18,908 Devices,20,53.8,1.69,2021-03-18,49.38,29.38,1.469,Gain,dddd
DUNE,2020-12-18,Dune Acquisition,10,9.74,-0.026,2021-03-18,9.76,-0.24,-0.024,Loss,dddd
MTAC,2020-12-18,MedTech Acquisition,10,9.94,-0.006,2021-03-18,9.88,-0.12,-0.012,Loss,
IIII,2020-12-18,Insu Acquisition III,10,9.95,-0.005,2021-03-18,9.97,-0.03,-0.003,Loss,
MDWT,2020-12-17,Midwest Holding,70,51.02,-0.2711,2021-03-17,51.02,-18.98,-0.271142857,Loss,
SCOA,2020-12-17,ScION Tech Growth I,10,9.92,-0.008,2021-03-17,9.92,-0.08,-0.008,Loss,
COOL,2020-12-17,Corner Growth Acquisition,10,9.83,-0.017,2021-03-17,9.89,-0.11,-0.011,Loss,
VIRI,2020-12-17,Virios Therapeutics,10,6.16,-0.384,2021-03-17,6.16,-3.84,-0.384,Loss,
WISH,2020-12-16,ContextLogic,24,18.84,-0.215,2021-03-16,18.34,-5.66,-0.235833333,Loss,
UPST,2020-12-16,Upstart Holdings,20,60.79,2.0395,2021-03-16,60.05,40.05,2.0025,Gain,
CCV,2020-12-16,Churchill Capital V,10,10.27,0.027,2021-03-16,10.33,0.33,0.033,Gain,
SCPS,2020-12-16,Scopus Biopharma,5.5,9.89,0.7982,2021-03-16,9.88,4.38,0.796363636,Gain,
BCAB,2020-12-16,BioAtla,18,66.96,2.72,2021-03-16,66.53,48.53,2.696111111,Gain,
WNW,2020-12-15,Wunong Net Technology,5,11.48,1.296,2021-03-15,12.28,7.28,1.456,Gain,
KINZ,2020-12-15,Kins Technology Group,10,9.85,-0.015,2021-03-15,9.87,-0.13,-0.013,Loss,
MRAC,2020-12-15,Marquee Raine Acquisition,10,10.14,0.014,2021-03-15,10.25,0.25,0.025,Gain,
OCG,2020-12-15,Oriental Culture Holding,4,10.6,1.65,2021-03-15,9.3,5.3,1.325,Gain,
BLUW,2020-12-15,Blue Water Acquisition,10,10.01,0.001,2021-03-15,10.05,0.05,0.005,Gain,
ATA,2020-12-15,Americas Technology Acquisition,10,9.92,-0.008,2021-03-15,9.87,-0.13,-0.013,Loss,
ABCL,2020-12-11,AbCellera Biologics,20,36.29,0.8145,2021-03-11,36,16,0.8,Gain,
NBTX,2020-12-11,Nanobiotix,13.5,16.05,0.1889,2021-03-11,16.65,3.15,0.233333333,Gain,
FDMT,2020-12-11,4D Molecular Therapeutics,23,45.55,0.9804,2021-03-11,50.75,27.75,1.206521739,Gain,
DWIN,2020-12-11,Delwinds Insurance Acquisition,10,9.82,-0.018,2021-03-11,9.8,-0.2,-0.02,Loss,
ROCC,2020-12-11,Roth CH Acquisition II,10,10.05,0.005,2021-03-11,10.3,0.3,0.03,Gain,
GLAQ,2020-12-11,Globis Acquisition,10,9.95,-0.005,2021-03-11,9.95,-0.05,-0.005,Loss,
MOTV,2020-12-11,Motive Capital,10,9.98,-0.002,2021-03-11,10,0,0,Loss,
EDTX,2020-12-11,EdtechX Holdings Acquisition II,10,9.83,-0.017,2021-03-11,9.94,-0.06,-0.006,Loss,
SNRH,2020-12-11,Senior Connect Acquisition I,10,9.91,-0.009,2021-03-11,9.91,-0.09,-0.009,Loss,
GHVI,2020-12-11,Gores Holdings VI,10,15.78,0.578,2021-03-11,17,7,0.7,Gain,
TVAC,2020-12-11,Thayer Ventures Acquisition,10,9.96,-0.004,2021-03-11,9.99,-0.01,-0.001,Loss,
CBAH,2020-12-11,CBRE Acquisition,10,9.95,-0.005,2021-03-11,10.18,0.18,0.018,Gain,
VVOS,2020-12-11,Vivos Therapeutics,6,7.44,0.24,2021-03-11,6.97,0.97,0.161666667,Gain,
CERT,2020-12-11,Certara,23,31.51,0.37,2021-03-11,27,4,0.173913043,Gain,
RMGB,2020-12-10,RMG Acquisition II,10,10.3,0.03,2021-03-10,10.41,0.41,0.041,Gain,
HYFM,2020-12-10,Hydrofarm,20,62.88,2.144,2021-03-10,56.13,36.13,1.8065,Gain,
ABNB,2020-12-10,Airbnb,68,201.36,1.9612,2021-03-10,183.79,115.79,1.702794118,Gain,
CTAQ,2020-12-10,Carney Technology Acquisition II,10,9.84,-0.016,2021-03-10,9.92,-0.08,-0.008,Loss,
PCPC,2020-12-10,Periphas Capital Partnering,25,24.71,-0.0114,2021-03-10,24.67,-0.33,-0.0132,Loss,
NEBC,2020-12-09,Nebula Caravel Acquisition,10,9.97,-0.003,2021-03-09,9.9306,-0.0694,-0.00694,Loss,
DASH,2020-12-09,DoorDash,102,133.8,0.3118,2021-03-09,141.48,39.48,0.387058824,Gain,
HMCO,2020-12-09,HumanCo Acquisition,10,10.33,0.033,2021-03-09,10.21,0.21,0.021,Gain,
PUBM,2020-12-09,PubMatic,20,51.04,1.552,2021-03-09,50.2,30.2,1.51,Gain,
ALTU,2020-12-09,Altitude Acquisition,10,10.39,0.039,2021-03-09,10.45,0.45,0.045,Gain,
AI,2020-12-09,C3.ai,42,80.56,0.9181,2021-03-09,84.91,42.91,1.021666667,Gain,
FLAC,2020-12-09,Frazier Lifesciences Acquisition,10,9.92,-0.008,2021-03-09,10.0025,0.0025,0.00025,Gain,
CND,2020-12-08,Concord Acquisition,10,9.84,-0.016,2021-03-08,9.94,-0.06,-0.006,Loss,
DDMX,2020-12-08,DD3 Acquisition II,10,9.76,-0.024,2021-03-08,9.92,-0.08,-0.008,Loss,
MUDS,2020-12-08,Mudrick Capital Acquisition II,10,9.87,-0.013,2021-03-08,9.95,-0.05,-0.005,Loss,
RAAC,2020-12-08,Revolution Acceleration Acquisition,10,10.59,0.059,2021-03-08,10.56,0.56,0.056,Gain,
YQ,2020-12-04,17 Education & Technology,10.5,10.23,-0.0257,2021-03-04,11.1,0.6,0.057142857,Gain,
SBTX,2020-12-04,Silverback Therapeutics,21,60.41,1.8767,2021-03-04,46.26,25.26,1.202857143,Gain,
SEER,2020-12-04,"Seer, Inc",19,54.72,1.88,2021-03-04,50.18,31.18,1.641052632,Gain,
SGTX,2020-12-04,Sigilon Therapeutics,18,24.64,0.3689,2021-03-04,21.86,3.86,0.214444444,Gain,
FTCV,2020-12-04,FinTech Acquisition V,10,12.9,0.29,2021-03-04,10.21,0.21,0.021,Gain,
PTIC,2020-12-04,Proptech Investment II,10,9.92,-0.008,2021-03-04,9.91,-0.09,-0.009,Loss,
FPAC,2020-12-03,Far Peak Acquisition,10,9.97,-0.003,2021-03-03,10,0,0,Loss,
HTPA,2020-12-03,Highland Transcend Partners I,10,10,0,2021-03-03,10.47,0.47,0.047,Gain,
KNTE,2020-12-03,Kinnate Biopharma,20,37,0.85,2021-03-03,34.28,14.28,0.714,Gain,
LOKB,2020-12-03,Live Oak Acquisition II,10,10.1,0.01,2021-03-03,10.29,0.29,0.029,Gain,
DCBO,2020-12-03,Docebo,52.21,42.75,-0.1812,2021-03-03,42.4,-9.81,-0.187895039,Loss,
SPFR,2020-12-03,Jaws Spitfire Acquisition,10,10.39,0.039,2021-03-03,10.43,0.43,0.043,Gain,
RSVA,2020-12-02,Rodgers Silicon Valley Acquisition,10,15.13,0.513,2021-03-02,18.14,8.14,0.814,Gain,
TACA,2020-12-02,Trepont Acquisition I,10,9.98,-0.002,2021-03-02,10.06,0.06,0.006,Gain,
CAP,2020-12-02,Capitol Investment V,10,10.2,0.02,2021-03-02,9.97,-0.03,-0.003,Loss,
FRX,2020-11-25,Forest Road Acquisition,10,10.94,0.094,2021-02-25,12.64,2.64,0.264,Gain,
SPRQ,2020-11-25,Spartan Acquisition II,10,10.5,0.05,2021-02-25,11.14,1.14,0.114,Gain,
HFEN,2020-11-24,HF Enterprises,7,6.15,-0.1214,2021-02-24,17.75,10.75,1.535714286,Gain,
OZON,2020-11-24,Ozon Holdings,30,56.52,0.884,2021-02-24,61.77,31.77,1.059,Gain,
SV,2020-11-24,Spring Valley Acquisition,10,10.03,0.003,2021-02-24,10.8,0.8,0.08,Gain,
VMAR,2020-11-24,Vision Marine Technologies,10,9.56,-0.044,2021-02-24,11.91,1.91,0.191,Gain,
GNPK,2020-11-24,Genesis Park Acquisition,10,9.93,-0.007,2021-02-24,10.75,0.75,0.075,Gain,
VCVC,2020-11-24,10X Capital Venture Acquisition,10,10.72,0.072,2021-02-24,11.67,1.67,0.167,Gain,
TINV,2020-11-24,Tiga Acquisition,10,10.15,0.015,2021-02-24,10.77,0.77,0.077,Gain,
BREZ,2020-11-23,Breeze Holdings Acquisition,10,10.01,0.001,2021-02-23,10.31,0.31,0.031,Gain,
IIAC,2020-11-19,Investindustrial Acquisition,10,9.88,-0.012,2021-02-19,10.71,0.71,0.071,Gain,
NGMS,2020-11-19,NeoGames,17,39.85,1.3441,2021-02-19,30.85,13.85,0.814705882,Gain,
LNFA,2020-11-19,L&F Acquisition,10,9.99,-0.001,2021-02-19,10.34,0.34,0.034,Gain,
RTPZ,2020-11-19,Reinvent Technology Partners Z,10,10.39,0.039,2021-02-19,14.07,4.07,0.407,Gain,
TLS,2020-11-19,Telos,17,35.84,1.1082,2021-02-19,35.59,18.59,1.093529412,Gain,
YSG,2020-11-19,Yatsen Holding,10.5,14.95,0.4238,2021-02-19,21.72,11.22,1.068571429,Gain,
OLMA,2020-11-19,Olema Pharmaceuticals,19,49.67,1.6142,2021-02-19,53.64,34.64,1.823157895,Gain,
JYAC,2020-11-19,Jiya Acquisition,10,10.01,0.001,2021-02-19,11.22,1.22,0.122,Gain,
CHFW,2020-11-19,Consonance-HFW Acquisition,10,9.88,-0.012,2021-02-19,10.61,0.61,0.061,Gain,
PHIC,2020-11-18,Population Health Investment,10,9.85,-0.015,2021-02-18,10.45,0.45,0.045,Gain,
DGNS,2020-11-17,Dragoneer Growth Opportunities II,10,10.85,0.085,2021-02-17,12.65,2.65,0.265,Gain,
PIPP,2020-11-17,Pine Island Acquisition,10,10.18,0.018,2021-02-17,12.36,2.36,0.236,Gain,
OTRA,2020-11-17,OTR Acquisition,10,9.98,-0.002,2021-02-17,10.4,0.4,0.04,Gain,
ZNTE,2020-11-17,Zanite Acquisition,10,10.24,0.024,2021-02-17,12.52,2.52,0.252,Gain,
STIC,2020-11-11,Northern Star Acquisition,10,11.62,0.162,2021-02-11,14.74,4.74,0.474,Gain,
NOAC,2020-11-11,Natural Order Acquisition,10,10.23,0.023,2021-02-11,11.17,1.17,0.117,Gain,
TSIA,2020-11-10,TS Innovation Acquisitions,10,13.02,0.302,2021-02-10,16.67,6.67,0.667,Gain,
ADOC,2020-11-10,Edoc Acquisition,10,10.01,0.001,2021-02-10,10.3,0.3,0.03,Gain,
ALGM,2020-10-29,Allegro MicroSystems,14,26.92,0.9229,2021-01-29,27.92,13.92,0.994285714,Gain,
LESL,2020-10-29,Leslie's,17,23.05,0.3559,2021-01-29,28.6,11.6,0.682352941,Gain,
GLTO,2020-10-29,Galecto,15,8,-0.4667,2021-01-29,12.39,-2.61,-0.174,Loss,
DSAC,2020-10-29,Duddell Street Acquisition,10,9.95,-0.005,2021-01-29,10.08,0.08,0.008,Gain,
ROOT,2020-10-28,"Root, Inc.",27,11.29,-0.5819,2021-01-28,20.53,-6.47,-0.23962963,Loss,
GATO,2020-10-28,Gatos Silver,7,15.63,1.2329,2021-01-28,13.06,6.06,0.865714286,Gain,
BOAC,2020-10-28,Bluescape Opportunities Acquisition,10,9.98,-0.002,2021-01-28,10.65,0.65,0.065,Gain,
ACIC,2020-10-28,Atlas Crest Investment,10,10.44,0.044,2021-01-28,10.44,0.44,0.044,Gain,
AJAX,2020-10-28,Ajax I,10,10.45,0.045,2021-01-28,11.66,1.66,0.166,Gain,
BDSX,2020-10-28,Biodesix,18,23.73,0.3183,2021-01-28,24.75,6.75,0.375,Gain,
ABST,2020-10-28,Absolute Software,11,15.05,0.3682,2021-01-28,12.94,1.94,0.176363636,Gain,
MAX,2020-10-28,MediaAlpha,19,55.79,1.9363,2021-01-28,52.6,33.6,1.768421053,Gain,
MACU,2020-10-27,Mallard Acquisition,10,9.89,-0.011,2021-01-27,10.12,0.12,0.012,Gain,
LUXA,2020-10-27,Lux Health Tech Acquisition,10,10.49,0.049,2021-01-27,10.96,0.96,0.096,Gain,
MCFE,2020-10-22,McAfee,20,23.93,0.1965,2021-01-22,19.19,-0.81,-0.0405,Loss,
TEKK,2020-10-22,Tekkorp Digital Acquisition,10,10.08,0.008,2021-01-22,10.5,0.5,0.05,Gain,
ABCM,2020-10-22,Abcam PLC,17.5,21.24,0.2137,2021-01-22,23.59,6.09,0.348,Gain,
GHLD,2020-10-22,Guild Holdings Company,15,14.75,-0.0167,2021-01-22,16.1,1.1,0.073333333,Gain,
YSAC,2020-10-22,Yellowstone Acquisition,10,10.01,0.001,2021-01-22,10.33,0.33,0.033,Gain,
RICE,2020-10-22,Rice Acquisition,10,10.28,0.028,2021-01-22,12.32,2.32,0.232,Gain,
CTAC,2020-10-22,Cerberus Telecom Acquisition,10,9.99,-0.001,2021-01-22,10.45,0.45,0.045,Gain,
BLSA,2020-10-22,BCLS Acquisition,10,10.85,0.085,2021-01-22,10.86,0.86,0.086,Gain,
HIGA,2020-10-21,H.I.G. Acquisition,10,10.03,0.003,2021-01-21,10.34,0.34,0.034,Gain,
SRSA,2020-10-21,Sarissa Capital Acquisition,10,10.16,0.016,2021-01-21,10.38,0.38,0.038,Gain,
MSP,2020-10-21,Datto,27,26.72,-0.0104,2021-01-21,26.45,-0.55,-0.02037037,Loss,
SPNV,2020-10-21,Supernova Partners Acquisition,10,10.67,0.067,2021-01-21,11.33,1.33,0.133,Gain,
XPOA,2020-10-21,DPCM Capital,10,10.1,0.01,2021-01-21,10.84,0.84,0.084,Gain,
YGMZ,2020-10-21,MingZhu Logistics,4,5.77,0.4425,2021-01-21,12.77,8.77,2.1925,Gain,
LFTR,2020-10-21,Lefteris Acquisition,10,10.08,0.008,2021-01-21,10.91,0.91,0.091,Gain,
DCRB,2020-10-20,Decarbonization Plus Acquisition,10,11.16,0.116,2021-01-20,12.26,2.26,0.226,Gain,
GWAC,2020-10-20,Good Works Acquisition,10,11.24,0.124,2021-01-20,10.24,0.24,0.024,Gain,
HLXA,2020-10-20,Helix Acquisition,10,10.51,0.051,2021-01-20,11,1,0.1,Gain,
HZON,2020-10-20,Horizon Acquisition II,10,10.84,0.084,2021-01-20,10.58,0.58,0.058,Gain,
TMTS,2020-10-15,Spartacus Acquisition,10,9.91,-0.009,2021-01-15,10.29,0.29,0.029,Gain,
EBC,2020-10-15,Eastern Bankshares,10,19.34,0.934,2021-01-15,16.39,6.39,0.639,Gain,
ARRY,2020-10-15,Array Technologies,22,31.61,0.4368,2021-01-15,45.93,23.93,1.087727273,Gain,
MNSO,2020-10-15,Miniso Group,20,24,0.2,2021-01-15,28.59,8.59,0.4295,Gain,
MOTN,2020-10-15,Motion Acquisition,10,9.92,-0.008,2021-01-15,10.5,0.5,0.05,Gain,
FVAM,2020-10-14,5:01 Acquisition,10,10.1,0.01,2021-01-14,10.56,0.56,0.056,Gain,
CDAK,2020-10-14, Codiak BioSciences,15,18.06,0.204,2021-01-14,29.73,14.73,0.982,Gain,
PAIC,2020-10-08,Petra Acquisition,10,9.97,-0.003,2021-01-08,10.25,0.25,0.025,Gain,
FUBO,2020-10-08,FuboTV,10,32.05,2.205,2021-01-08,27.31,17.31,1.731,Gain,
AZYO,2020-10-08,Aziyo Biologics,17,13.92,-0.1812,2021-01-08,14.05,-2.95,-0.173529412,Loss,
NGAC,2020-10-07,NextGen Acquisition,10,10.42,0.042,2021-01-07,10.18,0.18,0.018,Gain,
MAAC,2020-10-07,Montes Archimedes Acquisition,10,9.85,-0.015,2021-01-07,10.05,0.05,0.005,Gain,
EMPW,2020-10-07,Empower,10,10.1,0.01,2021-01-07,10.11,0.11,0.011,Gain,
SQFT,2020-10-07,Presidio Property Trust,5,3.71,-0.258,2021-01-07,3.76,-1.24,-0.248,Loss,
PACE,2020-10-07,TPG Pace Tech Opportunities,10,10.25,0.025,2021-01-07,11.34,1.34,0.134,Gain,
TPGY,2020-10-07,TPG Pace Beneficial Finance,10,19.54,0.954,2021-01-07,26.58,16.58,1.658,Gain,
FMAC,2020-10-06,FirstMark Horizon Acquisition,10,10.47,0.047,2021-01-06,10.75,0.75,0.075,Gain,
BQ,2020-09-30,Boqii Holding,10,6.09,-0.391,2020-12-30,5.08,-4.92,-0.492,Loss,
VSPR,2020-09-30,Vesper Healthcare Acquisition,10,11.22,0.122,2020-12-30,11.36,1.36,0.136,Gain,
PLTR,2020-09-30,Palantir,7.25,25.21,2.4772,2020-12-30,25.1,17.85,2.462068966,Gain,
QELL,2020-09-30,Qell Acquisition,10,10.4,0.04,2020-12-30,12.42,2.42,0.242,Gain,
CD,2020-09-30,Chindata Group,13.5,18.85,0.3963,2020-12-30,20.3,6.8,0.503703704,Gain,
ASAN,2020-09-30,Asana,21,33.03,0.5729,2020-12-30,29.12,8.12,0.386666667,Gain,
YALA,2020-09-30,Yalla Group,7.5,28.2,2.76,2020-12-30,15.25,7.75,1.033333333,Gain,
CLII,2020-09-30,Climate Change Crisis Real Impact I,10,12.68,0.268,2020-12-30,10.74,0.74,0.074,Gain,
FGNA,2020-09-30,FG New America Acquisition,10,10.15,0.015,2020-12-30,10.19,0.19,0.019,Gain,
ORPH,2020-09-29,Orphazyme,11,12.7,0.1545,2020-12-29,11.22,0.22,0.02,Gain,
TSHA,2020-09-24,Taysha Gene Therapies,20,24.67,0.2335,2020-12-24,27.2,7.2,0.36,Gain,
PDAC,2020-09-24,Peridot Acquisition,10,10.76,0.076,2020-12-24,10.25,0.25,0.025,Gain,
ACTC,2020-09-23,ArcLight Clean Transition,10,18.25,0.825,2020-12-23,11,1,0.1,Gain,
CRSR,2020-09-23,Corsair Gaming,17,34.25,1.0147,2020-12-23,38.83,21.83,1.284117647,Gain,
VIH,2020-09-23,VPC Impact Acquisition,10,15.07,0.507,2020-12-23,10.2111,0.2111,0.02111,Gain,
GDRX,2020-09-23,GoodRx Holdings,33,37.42,0.1339,2020-12-23,47.59,14.59,0.442121212,Gain,
LSF,2020-09-23,Laird Superfood,22,36.37,0.6532,2020-12-23,55.79,33.79,1.535909091,Gain,
ASPL,2020-09-23,Aspirational Consumer Lifestyle Corp.,10,10.37,0.037,2020-12-23,9.99,-0.01,-0.001,Loss,
BSY,2020-09-23,Bentley Systems,22,43.86,0.9936,2020-12-23,39.48,17.48,0.794545455,Gain,
FCAC,2020-09-22,Falcon Capital Acquisition,10,10.21,0.021,2020-12-22,10.5,0.5,0.05,Gain,
PMVC,2020-09-22,PMV Consumer Acquisition,10,9.88,-0.012,2020-12-22,10.03,0.03,0.003,Gain,
CMPS,2020-09-18,COMPASS Pathways,17,42.76,1.5153,2020-12-18,56.99,39.99,2.352352941,Gain,
AHAC,2020-09-18,Alpha Healthcare Acquisition,10,10.88,0.088,2020-12-18,9.95,-0.05,-0.005,Loss,
U,2020-09-18,Unity Software,52,108.98,1.0958,2020-12-18,157.77,105.77,2.034038462,Gain,
VTRU,2020-09-18,Vitru,16,14.7,-0.0813,2020-12-18,14.73,-1.27,-0.079375,Loss,
ATHA,2020-09-18,Athira Pharma,17,20.66,0.2153,2020-12-18,30.94,13.94,0.82,Gain,
NMMC,2020-09-18,North Mountain Merger,10,10.15,0.015,2020-12-18,10.5,0.5,0.05,Gain,
STWO,2020-09-17,ACON S2 Acquisition,10,9.98,-0.002,2020-12-17,10.3,0.3,0.03,Gain,
DYN,2020-09-17,Dyne Therapeutics,19,16.57,-0.1279,2020-12-17,20.24,1.24,0.065263158,Gain,
AMWL,2020-09-17,Amwell,18,21.04,0.1689,2020-12-17,28.34,10.34,0.574444444,Gain,
SUMO,2020-09-17,Sumo Logic,22,21,-0.0455,2020-12-17,29.39,7.39,0.335909091,Gain,
OACB,2020-09-17,Oaktree Acquisition II,10,10.24,0.024,2020-12-17,10.35,0.35,0.035,Gain,
PTVE,2020-09-17,Pactiv Evergreen,14,16.82,0.2014,2020-12-17,17.46,3.46,0.247142857,Gain,
RTP,2020-09-17,Reinvent Technology Partners,10,10.93,0.093,2020-12-17,11.12,1.12,0.112,Gain,
BNL,2020-09-17,Broadstone Net Lease,17,18.35,0.0794,2020-12-17,19.77,2.77,0.162941176,Gain,
EQD,2020-09-16,Equity Distribution Acquisition,10,10.03,0.003,2020-12-16,10.24,0.24,0.024,Gain,
STEP,2020-09-16,StepStone Group,18,30.96,0.72,2020-12-16,32.22,14.22,0.79,Gain,
SNOW,2020-09-16,Snowflake,120,230.3,0.9192,2020-12-16,329.97,209.97,1.74975,Gain,
ENPC,2020-09-16,Executive Network Partnering,25,24.4,-0.024,2020-12-16,24.745,-0.255,-0.0102,Loss,
MTCR,2020-09-16,Metacrine,13,8.04,-0.3815,2020-12-16,9.81,-3.19,-0.245384615,Loss,
FROG,2020-09-16,JFrog,44,47.55,0.0807,2020-12-16,63.2,19.2,0.436363636,Gain,
SBG,2020-09-15,Sandbridge Acquisition,10,9.97,-0.003,2020-12-15,9.89,-0.11,-0.011,Loss,
OM,2020-09-15,Outset Medical,27,48.78,0.8067,2020-12-15,51.99,24.99,0.925555556,Gain,
SAII,2020-09-15,Software Acquisition Group II,10,10.68,0.068,2020-12-15,9.91,-0.09,-0.009,Loss,
SNPR,2020-09-11,Tortoise Acquisition II,10,10.91,0.091,2020-12-11,11,1,0.1,Gain,
TWCT,2020-09-11,TWC Tech Holdings II,10,10,0,2020-12-11,10.33,0.33,0.033,Gain,
LEAP,2020-09-11,Ribbit LEAP,10,12.74,0.274,2020-12-11,13.33,3.33,0.333,Gain,
LSPD,2020-09-11,Lightspeed POS,30.5,68.72,1.2531,2020-12-11,59.07,28.57,0.936721311,Gain,
BSN,2020-09-11,Broadstone Acquisition,10,9.89,-0.011,2020-12-11,9.89,-0.11,-0.011,Loss,
SVAC,2020-09-10,Starboard Value Acquisition,10,10.1,0.01,2020-12-10,10.08,0.08,0.008,Gain,
PIAI,2020-09-10,Prime Impact Acquisition I,10,9.96,-0.004,2020-12-10,9.9,-0.1,-0.01,Loss,
NSH,2020-09-10,NavSight Holdings,10,10.3,0.03,2020-12-10,9.87,-0.13,-0.013,Loss,
CRHC,2020-09-09,Cohn Robbins Holdings,10,10.24,0.024,2020-12-09,10.01,0.01,0.001,Gain,
ITAC,2020-09-09,Industrial Tech Acquisitions,10,9.98,-0.002,2020-12-09,9.99,-0.01,-0.001,Loss,
TWND,2020-09-04,Tailwind Acquisition,10,10.2,0.02,2020-12-04,9.91,-0.09,-0.009,Loss,
CAPA,2020-09-04,HighCape Capital Acquisition,10,13.08,0.308,2020-12-04,11.5,1.5,0.15,Gain,
INAQ,2020-09-03,INSU Acquisition II,10,18,0.8,2020-12-03,12.35,2.35,0.235,Gain,
BCTG,2020-09-03,BCTG Acquisition,10,11.15,0.115,2020-12-03,10.973,0.973,0.0973,Gain,
CMLF,2020-09-02,CM Life Sciences,10,16.65,0.665,2020-12-02,10.6662,0.6662,0.06662,Gain,
PRFX,2020-09-01,PainReform,8,5.67,-0.2913,2020-12-01,4.58,-3.42,-0.4275,Loss,
AUVI,2020-08-31,Applied UV,5,9.29,0.858,2020-11-30,5.18,0.18,0.036,Gain,
XPEV,2020-08-27,XPeng,15,36.12,1.408,2020-11-27,64.28,49.28,3.285333333,Gain,
BTAQ,2020-08-27,Burgundy Technology Acquisition,10,10.06,0.006,2020-11-27,9.85,-0.15,-0.015,Loss,
CFII,2020-08-27,CF Finance Acquisition II,10,9.19,-0.081,2020-11-27,10.01,0.01,0.001,Gain,
HRMY,2020-08-19,Harmony Biosciences,24,30.77,0.2821,2020-11-19,42.53,18.53,0.772083333,Gain,
INBX,2020-08-19,Inhibrx,17,23.55,0.3853,2020-11-19,23.64,6.64,0.390588235,Gain,
BFT,2020-08-19,Foley Trasimene Acquisition II,10,16,0.6,2020-11-19,10.37,0.37,0.037,Gain,
STPK,2020-08-18,Star Peak Energy Transition,10,31.99,2.199,2020-11-18,9.74,-0.26,-0.026,Loss,
FIII,2020-08-18,Forum Merger III,10,10.26,0.026,2020-11-18,9.8,-0.2,-0.02,Loss,
AONE,2020-08-18,One,10,12.35,0.235,2020-11-18,10.18,0.18,0.018,Gain,
NGA,2020-08-18,Northern Genesis Acquisition,10,19.08,0.908,2020-11-18,10.3,0.3,0.03,Gain,
NTST,2020-08-13,NetSTREIT,18,18.47,0.0261,2020-11-13,18.3,0.3,0.016666667,Gain,
BEKE,2020-08-13,KE Holdings,20,67,2.35,2020-11-13,72.53,52.53,2.6265,Gain,
RBAC,2020-08-13,Redball Acquisition,10,10.2,0.02,2020-11-13,10.22,0.22,0.022,Gain,
FAII,2020-08-12,Fortress Value Acquisition II,10,10.04,0.004,2020-11-12,9.91,-0.09,-0.009,Loss,
KBNT,2020-08-12,Kubient,5,7.9,0.58,2020-11-12,2.96,-2.04,-0.408,Loss,
FSDC,2020-08-12,FS Development,10,12.66,0.266,2020-11-12,10.025,0.025,0.0025,Gain,
KSMT,2020-08-06,Kismet Acquisition One,10,9.9,-0.01,2020-11-06,9.74,-0.26,-0.026,Loss,
GRSV,2020-08-06,Gores Holdings V,10,10.07,0.007,2020-11-06,9.8,-0.2,-0.02,Loss,
AFIB,2020-08-06,Acutus Medical,18,19.06,0.0589,2020-11-06,23.03,5.03,0.279444444,Gain,
RKT,2020-08-06,Rocket Companies,18,24.5,0.3611,2020-11-06,21.31,3.31,0.183888889,Gain,
OSH,2020-08-06,Oak Street Health,21,57.35,1.731,2020-11-06,52.04,31.04,1.478095238,Gain,
RXT,2020-08-05,Rackspace Technology,21,23.64,0.1257,2020-11-05,17.08,-3.92,-0.186666667,Loss,
BOWX,2020-08-05,BowX Acquisition,10,9.95,-0.005,2020-11-05,9.8,-0.2,-0.02,Loss,
BIGC,2020-08-05,BigCommerce,24,55.71,1.3213,2020-11-05,85.34,61.34,2.555833333,Gain,
HOL,2020-08-05,Holicity,10,13.1,0.31,2020-11-05,9.75,-0.25,-0.025,Loss,
GOAC,2020-08-05,GO Acquisition,10,10,0,2020-11-05,9.7,-0.3,-0.03,Loss,
YAC,2020-08-04,Yucaipa Acquisition,10,9.96,-0.004,2020-11-04,9.65,-0.35,-0.035,Loss,
HSAQ,2020-08-04,Health Sciences Acquisitions 2,10,10.98,0.098,2020-11-04,10.61,0.61,0.061,Gain,
CCIV,2020-07-30,Churchill Capital Corp. IV,10,29.5,1.95,2020-10-30,9.63,-0.37,-0.037,Loss,
LI,2020-07-30,Li Auto,11.5,25.43,1.2113,2020-10-30,20.17,8.67,0.753913043,Gain,
ALVR,2020-07-30,AlloVir,17,27.78,0.6341,2020-10-30,26.43,9.43,0.554705882,Gain,
VERX,2020-07-29,Vertex,19,25.67,0.3511,2020-10-29,24.46,5.46,0.287368421,Gain,
ACEV,2020-07-28,ACE Convergence Acquisition,10,10.49,0.049,2020-10-28,9.65,-0.35,-0.035,Loss,
EDTK,2020-07-23,Skillful Craftsman,5,3.6,-0.28,2020-10-23,3.31,-1.69,-0.338,Loss,
ERES,2020-07-23,East Resources Acquisition,10,9.99,-0.001,2020-10-23,9.71,-0.29,-0.029,Loss,
MEG,2020-07-23,Montrose Environmental Group,15,49.78,2.3187,2020-10-23,27.67,12.67,0.844666667,Gain,
PSAC,2020-07-22,Property Solutions Acquisition,10,13.14,0.314,2020-10-22,9.72,-0.28,-0.028,Loss,
PSTH,2020-07-22,Pershing Square Tontine Holdings,20,27.23,0.3615,2020-10-22,23.44,3.44,0.172,Gain,
JAMF,2020-07-22,Jamf Holding,26,38.55,0.4827,2020-10-22,33.07,7.07,0.271923077,Gain,
TIG,2020-07-16,Trean Insurance Group,15,16.96,0.1307,2020-10-16,13.7,-1.3,-0.086666667,Loss,
RLAY,2020-07-16,Relay Therapeutics,20,40.26,1.013,2020-10-16,40.57,20.57,1.0285,Gain,
GOCO,2020-07-15,GoHealth,21,11.65,-0.4452,2020-10-15,12.25,-8.75,-0.416666667,Loss,
MLAC,2020-07-15,Malacca Straits Acquisition,10,9.94,-0.006,2020-10-15,9.745,-0.255,-0.0255,Loss,
DEH,2020-07-15,D8 Holdings,10,9.96,-0.004,2020-10-15,9.69,-0.31,-0.031,Loss,
HPX,2020-07-15,HPX Corp.,10,10,0,2020-10-15,9.67,-0.33,-0.033,Loss,
AACQ,2020-07-14,Artius Acquisition,10,10.35,0.035,2020-10-14,9.8,-0.2,-0.02,Loss,
NCNO,2020-07-14,"nCino, Inc.",31,70.61,1.2777,2020-10-14,76.49,45.49,1.467419355,Gain,
PTK,2020-07-13,PTK Acquisition,10,9.98,-0.002,2020-10-13,9.764,-0.236,-0.0236,Loss,
BLCT,2020-07-08,BlueCity Holdings,16,12.55,-0.2156,2020-10-08,9.79,-6.21,-0.388125,Loss,
TXAC,2020-07-08,Therapeutics Acquisition,10,12.96,0.296,2020-10-08,14.25,4.25,0.425,Gain,
RACA,2020-07-08,Therapeutics Acquisition,10,12,0.2,2020-10-08,14.25,4.25,0.425,Gain,
LMND,2020-07-02,Lemonade,29,104.77,2.6128,2020-10-02,51.58,22.58,0.77862069,Gain,
CPSR,2020-07-02,Capstar Special Purpose Acquisition,10,9.86,-0.014,2020-10-02,9.855,-0.145,-0.0145,Loss,
ACCD,2020-07-02,Accolade,22,47.24,1.1473,2020-10-02,38.74,16.74,0.760909091,Gain,
PANA,2020-07-01,Panacea Acquisition,10,10.42,0.042,2020-10-01,11.125,1.125,0.1125,Gain,
DNB,2020-07-01,Dun & Bradstreet,22,24.49,0.1132,2020-10-01,25.39,3.39,0.154090909,Gain,
GSAH,2020-06-30,GS Acquisition Holdings II,10,11.28,0.128,2020-09-30,10.76,0.76,0.076,Gain,
ADTX,2020-06-30,Aditx Therapeutics,9,3.46,-0.6156,2020-09-30,1.95,-7.05,-0.783333333,Loss,
BRLI,2020-06-24,Brilliant Acquisition,10,9.93,-0.007,2020-09-24,9.76,-0.24,-0.024,Loss,
TREB,2020-06-17,Trebia Acquisition,10,10.54,0.054,2020-09-17,10.3,0.3,0.03,Gain,
RPRX,2020-06-16,Royalty Pharma,28,48.62,0.7364,2020-09-16,40.61,12.61,0.450357143,Gain,
LTRN,2020-06-11,Lantern Pharma,15,21.92,0.4613,2020-09-11,19.24,4.24,0.282666667,Gain,
UCL,2020-06-10,uCloudlink Group,18,10.59,-0.4117,2020-09-10,13.5829,-4.4171,-0.245394444,Loss,
HEC,2020-06-09,Hudson Executive Investment Corp.,10,10.13,0.013,2020-09-09,9.8,-0.2,-0.02,Loss,
VRM,2020-06-09,Vroom,22,37.23,0.6923,2020-09-09,57.2,35.2,1.6,Gain,
ZI,2020-06-04,ZoomInfo Technologies,21,48.53,1.311,2020-09-04,32.61,11.61,0.552857143,Gain,
WMG,2020-06-03,Warner Music Group,25,34.55,0.382,2020-09-03,28.6,3.6,0.144,Gain,
PLRX,2020-06-03,Pliant Therapeutics,16,40,1.5,2020-09-03,24.31,8.31,0.519375,Gain,
WPF,2020-05-27,Foley Trasimene Acquisition,10,10.29,0.029,2020-08-27,10.18,0.18,0.018,Gain,
LGVW,2020-05-21,Longview Acquisition,10,23.05,1.305,2020-08-21,9.8,-0.2,-0.02,Loss,
SLQT,2020-05-21,SelectQuote,20,29.39,0.4695,2020-08-21,19.78,-0.22,-0.011,Loss,
BMRG,2020-05-20,B. Riley Principal Merger II,10,10.68,0.068,2020-08-20,10.09,0.09,0.009,Gain,
GIK,2020-05-14,GigCapital3,10,12.02,0.202,2020-08-14,9.93,-0.07,-0.007,Loss,
JWS,2020-05-14,Jaws Acquisition,10,13.13,0.313,2020-08-14,10.18,0.18,0.018,Gain,
LOAK,2020-05-06,Live Oak Acquisition,10,24.2,1.42,2020-08-06,9.98,-0.02,-0.002,Loss,
SOAC,2020-05-06,Sustainable Opportunities Acquisition,10,10.18,0.018,2020-08-06,9.95,-0.05,-0.005,Loss,
GAN,2020-05-05,GAN Limited,8.5,28.29,2.3282,2020-08-05,20.3,11.8,1.388235294,Gain,
ROCH,2020-05-05,Roth CH Acquisition I,10,28.9,1.89,2020-08-05,9.88,-0.12,-0.012,Loss,
FVAC,2020-04-30,Fortress Value Acquisition,10,14.39,0.439,2020-07-30,12.12,2.12,0.212,Gain,
IPOB,2020-04-28,Social Capital Hedosophia II,10,29.5,1.95,2020-07-28,11.87,1.87,0.187,Gain,
ORIC,2020-04-24,Oric Pharmaceuticals,16,28.81,0.8006,2020-07-24,22.1,6.1,0.38125,Gain,
PCPL,2020-04-24,CC Neuberger Principal Holdings I,10,10.98,0.098,2020-07-24,10.55,0.55,0.055,Gain,
CHAQ,2020-04-24,Chardan Healthcare Acquisition 2,10,10.02,0.002,2020-07-24,10.1843,0.1843,0.01843,Gain,
KROS,2020-04-08,Keros Therapeutics,16,59.75,2.7344,2020-07-08,34.4,18.4,1.15,Gain,
WIMI,2020-04-01,WiMi Hologram Cloud,5.5,8.96,0.6291,2020-07-01,3.44,-2.06,-0.374545455,Loss,
IMRA,2020-03-12,IMARA Inc.,16,10.4,-0.35,2020-06-12,45.75,29.75,1.859375,Gain,
DFPH,2020-03-11,DFP Healthcare Acquisitions,10,10.05,0.005,2020-06-11,9.76,-0.24,-0.024,Loss,
GFL,2020-03-03,GFL Environmental,19,33.07,0.7405,2020-06-03,19.13,0.13,0.006842105,Gain,
PASG,2020-02-28,Passage Bio,18,20.65,0.1472,2020-05-28,23,5,0.277777778,Gain,
DMYT,2020-02-21,dMY Technology Group,10,22.76,1.276,2020-05-21,9.75,-0.25,-0.025,Loss,
ESSC,2020-02-20,East Stone Acquisition,10,9.98,-0.002,2020-05-20,9.72,-0.28,-0.028,Loss,
CCXX,2020-02-14,Churchill Capital III,10,9.84,-0.016,2020-05-14,10.09,0.09,0.009,Gain,
NBAC,2020-02-14,Newborn Acquisition,10,15.66,0.566,2020-05-14,9.84,-0.16,-0.016,Loss,
MEDS,2020-02-13,Trxade Group,6.5,6.49,-0.0015,2020-05-13,5.97,-0.53,-0.081538462,Loss,
ZGYH,2020-02-13,Yunhong International,10,9.99,-0.001,2020-05-13,9.74,-0.26,-0.026,Loss,
RVMD,2020-02-13,Revolution Medicines,17,49.54,1.9141,2020-05-13,34.39,17.39,1.022941176,Gain,
GRIL,2020-02-13,Muscle Maker,5,2.4,-0.52,2020-05-13,1.8332,-3.1668,-0.63336,Loss,
HUIZ,2020-02-12,Huize Holding,10.5,10.56,0.0057,2020-05-12,6.9,-3.6,-0.342857143,Loss,
CCAC,2020-02-11,CITIC Capital Acquisition,10,10.44,0.044,2020-05-11,9.75,-0.25,-0.025,Loss,
PFHD,2020-02-07,Professional Holding,18.5,17.11,-0.0751,2020-05-07,15.28,-3.22,-0.174054054,Loss,
ONEW,2020-02-07,OneWater Marine,12,42.48,2.54,2020-05-07,12.3,0.3,0.025,Gain,
NREF,2020-02-07,NexPoint Real Estate Finance,19,18.74,-0.0137,2020-05-07,12,-7,-0.368421053,Loss,
SDGR,2020-02-06,Schrodinger,17,81.25,3.7794,2020-05-06,47.89,30.89,1.817058824,Gain,
BEAM,2020-02-06,Beam Therapeutics,17,97.8,4.7529,2020-05-06,16.08,-0.92,-0.054117647,Loss,
CSPR,2020-02-06,Casper Sleep,12,8.25,-0.3125,2020-05-06,6.33,-5.67,-0.4725,Loss,
PPD,2020-02-06,"PPD, Inc.",27,38.06,0.4096,2020-05-06,24.43,-2.57,-0.095185185,Loss,
ONEM,2020-01-31,1Life Healthcare,14,42.17,2.0121,2020-04-30,24.67,10.67,0.762142857,Gain,
REYN,2020-01-31,Reynolds Consumer Products,26,30.01,0.1542,2020-04-30,32.43,6.43,0.247307692,Gain,
ARQT,2020-01-31,Arcutis Biotherapeutics,17,32.34,0.9024,2020-04-30,29.72,12.72,0.748235294,Gain,
ANPC,2020-01-30,AnPac Bio-Medical Science,12,7.15,-0.4042,2020-04-30,7.5,-4.5,-0.375,Loss,
BDTX,2020-01-30,Black Diamond Therapeutics,19,25.85,0.3605,2020-04-30,37.04,18.04,0.949473684,Gain,
ANVS,2020-01-29,Annovis Bio,6,38.44,5.4067,2020-04-29,3.66,-2.34,-0.39,Loss,
SCVX,2020-01-24,SCVX Corp.,10,9.95,-0.005,2020-04-24,9.8,-0.2,-0.02,Loss,
GHIV,2020-01-24,Gores Holdings IV,10,11.54,0.154,2020-04-24,9.77,-0.23,-0.023,Loss,
VEL,2020-01-17,Velocity Financial,13,9.01,-0.3069,2020-04-17,3.1,-9.9,-0.761538462,Loss,
IMAB,2020-01-17,I-Mab,14,56.69,3.0493,2020-04-17,13.8,-0.2,-0.014285714,Loss,
LIZI,2020-01-17,Lizhi Inc.,11,12.35,0.1227,2020-04-17,4.8,-6.2,-0.563636364,Loss,
DNK,2020-01-17,Phoenix Tree Holdings,13.5,2.37,-0.8247,2020-04-17,7.16,-6.34,-0.46962963,Loss,
MKD,2019-12-30,Molecular Data,5.38,1.25,-0.7677,2020-03-30,1.9772,-3.4028,-0.632490706,Loss,
MNPR,2019-12-19,Monopar Therapeutics,8,7.05,-0.1188,2020-03-19,7,-1,-0.125,Loss,
INDO,2019-12-19,Indonesia Energy,11,7.01,-0.3627,2020-03-19,2,-9,-0.818181818,Loss,
CIIC,2019-12-13,CIIG Merger,10,24.35,1.435,2020-03-13,9.75,-0.25,-0.025,Loss,
HCCO,2019-12-13,Healthcare Merger Corp,10,8.97,-0.103,2020-03-13,9.94,-0.06,-0.006,Loss,
SPT,2019-12-13,Sprout Social,17,61,2.5882,2020-03-13,15.33,-1.67,-0.098235294,Loss,
OCFT,2019-12-13,OneConnect Financial Technology,10,15.78,0.578,2020-03-13,11.73,1.73,0.173,Gain,
BILL,2019-12-12,Bill.com,22,146.34,5.6518,2020-03-12,40.12,18.12,0.823636364,Gain,
EH,2019-12-12,EHang Holdings,12.5,46.31,2.7048,2020-03-12,10.84,-1.66,-0.1328,Loss,
XP,2019-12-11,XP Inc.,27,39.64,0.4681,2020-03-11,23.24,-3.76,-0.139259259,Loss,
LIVK,2019-12-11,LIV Capital Acquisition,10,9.98,-0.002,2020-03-11,9.92,-0.08,-0.008,Loss,
LMPX,2019-12-05,LMP Automotive Holdings,5,19.78,2.956,2020-03-05,10.12,5.12,1.024,Gain,
ALUS,2019-11-26,Alussa Energy Acquisition,10,10.34,0.034,2020-02-26,9.91,-0.09,-0.009,Loss,
SITM,2019-11-21,SiTime,13,102.9,6.9154,2020-02-21,30.43,17.43,1.340769231,Gain,
CAN,2019-11-21,Canaan,9,27.62,2.0689,2020-02-21,5.86,-3.14,-0.348888889,Loss,
SAQN,2019-11-20,Software Acquisition Group,10,10.1,0.01,2020-02-20,9.96,-0.04,-0.004,Loss,
AMHC,2019-11-20,Amplitude Healthcare Acquisition,10,9.9,-0.01,2020-02-20,9.9324,-0.0676,-0.00676,Loss,
GRNV,2019-11-19,Greenvision Acquisition,10,10.16,0.016,2020-02-19,10.01,0.01,0.001,Gain,
YAYO,2019-11-13,Rideshare Rental,4,3.7,-0.0763,2020-02-13,0.3452,-3.6548,-0.9137,Loss,
ETNB,2019-11-11,89bio,16,25.09,0.5681,2020-02-11,28.6,12.6,0.7875,Gain,
CNTG,2019-11-07,Centogene,14,13,-0.0714,2020-02-07,10.13,-3.87,-0.276428571,Loss,
GRTX,2019-11-07,Galera Therapeutics,12,11.67,-0.0275,2020-02-07,13.53,1.53,0.1275,Gain,
SI,2019-11-07,Silvergate Capital,12,160.36,12.36,2020-02-07,16.25,4.25,0.354166667,Gain,
QK,2019-11-05,Q&K International Group,17,3.07,-0.8194,2020-02-05,12.49,-4.51,-0.265294118,Loss,
RAPT,2019-10-31,Rapt Therapeutics,12,23.46,0.955,2020-01-31,44.29,32.29,2.690833333,Gain,
OYST,2019-10-31,Oyster Point Pharma,16,22.43,0.4019,2020-01-31,31.5,15.5,0.96875,Gain,
BRP,2019-10-24,BRP Group,14,27.18,0.9414,2020-01-24,16.25,2.25,0.160714286,Gain,
IPHA,2019-10-17,Innate Pharma,5.5,4.5,-0.1818,2020-01-17,7.605,2.105,0.382727273,Gain,
BRBR,2019-10-17,Bellring Brands,14,24.98,0.7843,2020-01-17,22.56,8.56,0.611428571,Gain,
BNTX,2019-10-10,BioNTech SE,15,107.59,6.1727,2020-01-10,39.68,24.68,1.645333333,Gain,
VIE,2019-10-03,Viela Bio,19,53.01,1.79,2020-01-03,25.71,6.71,0.353157895,Gain,
MCBS,2019-10-03,MetroCity Bankshares,13.5,16.16,0.197,2020-01-03,17.73,4.23,0.313333333,Gain,
FREQ,2019-10-03,Frequency Therapeutics,14,34.25,1.4464,2020-01-03,16.67,2.67,0.190714286,Gain,
APRE,2019-10-03,Aprea Therapeutics,15,5.7,-0.62,2020-01-03,41,26,1.733333333,Gain,
PTON,2019-09-26,Peloton Interactive,29,108.31,2.7348,2019-12-26,27,-2,-0.068965517,Loss,
OPRT,2019-09-26,Oportun Financial,15,21.1,0.4067,2019-12-26,24.75,9.75,0.65,Gain,
PING,2019-09-19,Ping Identity,15,23.11,0.5407,2019-12-19,23.32,8.32,0.554666667,Gain,
DDOG,2019-09-19,Datadog,27,84.03,2.1122,2019-12-19,38.1,11.1,0.411111111,Gain,
XGN,2019-09-19,Exagen,14,20,0.4286,2019-12-19,21.64,7.64,0.545714286,Gain,
IGMS,2019-09-18,IGM Biosciences,16,91.1,4.6938,2019-12-18,34.39,18.39,1.149375,Gain,
NVST,2019-09-18,Envista Holdings,22,41.44,0.8836,2019-12-18,28.67,6.67,0.303181818,Gain,
APXT,2019-09-17,Apex Technology Acquisition,10,12.42,0.242,2019-12-17,10.43,0.43,0.043,Gain,
SWTX,2019-09-13,Springworks Therapeutics,18,68.2,2.7889,2019-12-13,28.9,10.9,0.605555556,Gain,
NET,2019-09-13,Cloudflare,15,71.69,3.7793,2019-12-13,17.95,2.95,0.196666667,Gain,
STSA,2019-09-13,Satsuma Pharmaceuticals,15,6.25,-0.5833,2019-12-13,13.93,-1.07,-0.071333333,Loss,
EXPC,2019-09-13,Experience Investment,10,11.92,0.192,2019-12-13,9.82,-0.18,-0.018,Loss,
ALRS,2019-09-13,Alerus Financial,21,34.25,0.631,2019-12-13,22.83,1.83,0.087142857,Gain,
TXG,2019-09-12,10X Genomics,39,177.76,3.5579,2019-12-12,61.54,22.54,0.577948718,Gain,
SDC,2019-09-12,SmileDirectClub,23,11.15,-0.5152,2019-12-12,7.8,-15.2,-0.660869565,Loss,
NPA,2019-09-11,New Providence Acquisition,10,12.48,0.248,2019-12-11,9.83,-0.17,-0.017,Loss,
JFU,2019-08-15,9F Inc.,9.5,2.09,-0.78,2019-11-15,11.02,1.52,0.16,Gain,
CFB,2019-08-15,CrossFirst Bankshares,14.5,14.47,-0.0021,2019-11-15,13.15,-1.35,-0.093103448,Loss,
PLIN,2019-08-14,China Xiangtai Food,5,1.13,-0.774,2019-11-14,4.11,-0.89,-0.178,Loss,
SSPK,2019-08-08,Silver Spike Acquisition,10,19.64,0.964,2019-11-08,9.86,-0.14,-0.014,Loss,
INMD,2019-08-08,InMode,14,71.06,4.0757,2019-11-08,40.44,26.44,1.888571429,Gain,
HKIB,2019-08-05,AMTD International,8.38,7.06,-0.1575,2019-11-05,8.3,-0.08,-0.009546539,Loss,
KRUS,2019-08-01,Kura Sushi USA,14,36.25,1.5893,2019-11-01,18.58,4.58,0.327142857,Gain,
SNDL,2019-08-01,Sundial Growers,13,1.49,-0.8854,2019-11-01,3.19,-9.81,-0.754615385,Loss,
DT,2019-08-01,Dynatrace,16,50.9,2.1813,2019-11-01,21.15,5.15,0.321875,Gain,
NFIN,2019-07-31,Netfin Acquisition,10,11.4,0.14,2019-10-31,9.85,-0.15,-0.015,Loss,
BORR,2019-07-31,Borr Drilling,9.3,1.14,-0.8774,2019-10-31,6.55,-2.75,-0.295698925,Loss,
HCAT,2019-07-25,Health Catalyst,26,46.96,0.8062,2019-10-25,29.77,3.77,0.145,Gain,
NOVA,2019-07-25,Sunnova Energy,12,35.53,1.9608,2019-10-25,10.81,-1.19,-0.099166667,Loss,
LVGO,2019-07-25,Livongo Health,28,139.77,3.9918,2019-10-25,21.17,-6.83,-0.243928571,Loss,
CSTL,2019-07-25,Castle Biosciences,16,66.53,3.1581,2019-10-25,18.11,2.11,0.131875,Gain,
PROS,2019-07-25,ProSight Global,14,12.6,-0.1,2019-10-25,15.6,1.6,0.114285714,Gain,
EIC,2019-07-24,Eagle Point Income,19,15.35,-0.1921,2019-10-24,19.08,0.08,0.004210526,Gain,
PHR,2019-07-18,Phreesia,17,55.18,2.2459,2019-10-18,28.03,11.03,0.648823529,Gain,
MIRM,2019-07-18,Mirum Pharmaceuticals,15,19.64,0.3093,2019-10-18,7.97,-7.03,-0.468666667,Loss,
CPAA,2019-07-18,Conyers Park II Acquisition,10,8.86,-0.114,2019-10-18,10.1,0.1,0.01,Gain,
ORCC,2019-07-18,Owl Rock Capital,15.3,14.24,-0.0693,2019-10-18,16.96,1.66,0.108496732,Gain,
AMK,2019-07-18,AssetMark Financial,22,23.13,0.0514,2019-10-18,27.16,5.16,0.234545455,Gain,
OAC,2019-07-18,Oaktree Acquisition,10,16.38,0.638,2019-10-18,9.85,-0.15,-0.015,Loss,
FULC,2019-07-18,Fulcrum Therapeutics,16,11.36,-0.29,2019-10-18,4.57,-11.43,-0.714375,Loss,
IHRT,2019-07-18,iHeartMedia,17,18.09,0.0641,2019-10-18,14.5,-2.5,-0.147058824,Loss,
DOYU,2019-07-17,DouYu,11.5,13.17,0.1452,2019-10-17,7.37,-4.13,-0.359130435,Loss,
RMBI,2019-07-02,Richmond Mutual Bancorporation,10,14.35,0.435,2019-10-02,13.77,3.77,0.377,Gain,
MORF,2019-06-27,Morphic Holding,15,64.51,3.3007,2019-09-27,17.9,2.9,0.193333333,Gain,
ADPT,2019-06-27,Adaptive Biotechnologies,20,41.89,1.0945,2019-09-27,30.31,10.31,0.5155,Gain,
CHNG,2019-06-27,Change Healthcare,13,22.75,0.75,2019-09-27,11.78,-1.22,-0.093846154,Loss,
BBIO,2019-06-27,BridgeBio Pharma,17,67.66,2.98,2019-09-27,20.13,3.13,0.184117647,Gain,
LINX,2019-06-26,Linx S.A.,9.4,6.7,-0.2872,2019-09-26,7.92,-1.48,-0.157446809,Loss,
CMBM,2019-06-26,Cambium Networks,12,49.48,3.1233,2019-09-26,9.75,-2.25,-0.1875,Loss,
AKRO,2019-06-20,Akero Therapeutics,16,31.73,0.9831,2019-09-20,18.88,2.88,0.18,Gain,
PSNL,2019-06-20,Personalis,17,25.01,0.4712,2019-09-20,16.41,-0.59,-0.034705882,Loss,
GO,2019-06-20,Grocery Outlet,22,36.26,0.6482,2019-09-20,38.08,16.08,0.730909091,Gain,
BCEL,2019-06-20,Atreca,17,15.99,-0.0594,2019-09-20,11.66,-5.34,-0.314117647,Loss,
WORK,2019-06-20,Slack Technologies,26,40.8,0.5692,2019-09-20,25.37,-0.63,-0.024230769,Loss,
PRVL,2019-06-20,Prevail Therapeutics,17,23,0.3529,2019-09-20,13.56,-3.44,-0.202352941,Loss,
SMMC,2019-06-20,South Mountain Merger,10,16.8,0.68,2019-09-20,9.76,-0.24,-0.024,Loss,
STOK,2019-06-19,Stoke Therapeutics,18,47.9,1.6611,2019-09-19,22.05,4.05,0.225,Gain,
FVRR,2019-06-13,Fiverr International,21,224.93,9.711,2019-09-13,19.27,-1.73,-0.082380952,Loss,
MWK,2019-06-12,Mohawk Group Holdings,10,35.45,2.545,2019-09-12,7.49,-2.51,-0.251,Loss,
CRWD,2019-06-12,CrowdStrike,34,194.63,4.7244,2019-09-12,69.66,35.66,1.048823529,Gain,
GIX,2019-06-06,GigCapital2,10,10.02,0.002,2019-09-06,9.83,-0.17,-0.017,Loss,
GSX,2019-06-06,GSX Techedu,10.5,86.6,7.2476,2019-09-06,12.3,1.8,0.171428571,Gain,
BCYC,2019-05-23,Bicycle Therapeutics,14,26,0.8571,2019-08-23,7.03,-6.97,-0.497857143,Loss,
RTLR,2019-05-23,Rattler Midstream,17.5,11.43,-0.3469,2019-08-23,17.52,0.02,0.001142857,Gain,
IDYA,2019-05-23,IDEAYA Biosciences,10,22.58,1.258,2019-08-23,6.36,-3.64,-0.364,Loss,
PSTL,2019-05-15,Postal Realty Trust,17,15.92,-0.0635,2019-08-15,14.9,-2.1,-0.123529412,Loss,
APLT,2019-05-14,Applied Therapeutics,10,20.33,1.033,2019-08-14,8.83,-1.17,-0.117,Loss,
AGBA,2019-05-14,AGBA Acquisition,10,10.55,0.055,2019-08-14,10,0,0,Loss,
MEC,2019-05-09,Mayville Engineering,17,16.4,-0.0353,2019-08-09,11.49,-5.51,-0.324117647,Loss,
CRTX,2019-05-09,Cortexyme,17,36.5,1.1471,2019-08-09,27.69,10.69,0.628823529,Gain,
SPFI,2019-05-09,South Plains Financial,17.5,24.41,0.3949,2019-08-09,16.87,-0.63,-0.036,Loss,
NXTC,2019-05-09,NextCure,15,11.93,-0.2047,2019-08-09,23.91,8.91,0.594,Gain,
AXLA,2019-05-09,Axcella Health,20,5.42,-0.729,2019-08-09,7.26,-12.74,-0.637,Loss,
HHR,2019-05-09,Headhunter Group,13.5,36.07,1.6719,2019-08-09,18.6,5.1,0.377777778,Gain,
PSN,2019-05-08,Parsons,27,37.7,0.3963,2019-08-08,37.28,10.28,0.380740741,Gain,
LCA,2019-05-07,Landcadia Holdings II,10,25.49,1.549,2019-08-07,9.82,-0.18,-0.018,Loss,
TRVI,2019-05-07,Trevi Therapeutics,10,2.75,-0.725,2019-08-07,4.87,-5.13,-0.513,Loss,
TBBA,2019-05-06,TEB Bancorp,10,9.28,-0.0725,2019-08-06,8.05,-1.95,-0.195,Loss,
BYND,2019-05-02,Beyond Meat,25,139.39,4.5756,2019-08-02,177.11,152.11,6.0844,Gain,
SY,2019-05-02,So-Young International,13.8,12.03,-0.1283,2019-08-02,14.39,0.59,0.042753623,Gain,
TMDX,2019-05-02,TransMedics Group,16,44.29,1.7681,2019-08-02,23.26,7.26,0.45375,Gain,
WAFU,2019-04-30,Wah Fu Education Group,5,5.94,0.188,2019-07-30,2.9599,-2.0401,-0.40802,Loss,
HOOK,2019-04-18,HOOKIPA Pharma,14,14.7,0.05,2019-07-18,7.16,-6.84,-0.488571429,Loss,
PINS,2019-04-18,Pinterest,19,73.01,2.8426,2019-07-18,25.78,6.78,0.356842105,Gain,
ZM,2019-04-18,Zoom Video Communications,36,326.26,8.0628,2019-07-18,95.19,59.19,1.644166667,Gain,
GNLN,2019-04-18,Greenlane Holdings,17,5.53,-0.6747,2019-07-18,8.25,-8.75,-0.514705882,Loss,
MNRL,2019-04-18,Brigham Minerals,18,15.18,-0.1567,2019-07-18,20.11,2.11,0.117222222,Gain,
PLMR,2019-04-17,Palomar Holdings,15,69.97,3.6647,2019-07-17,24.84,9.84,0.656,Gain,
TPTX,2019-04-17,Turning Point Therapeutics,18,105.72,4.8733,2019-07-17,41.82,23.82,1.323333333,Gain,
BWAY,2019-04-17,Brainsway,11,8.48,-0.2291,2019-07-17,10.28,-0.72,-0.065454545,Loss,
JMIA,2019-04-12,Jumia Technologies AG,14.5,42.14,1.9062,2019-07-12,24.54,10.04,0.692413793,Gain,
TUFN,2019-04-11,Tufin Software Technologies,14,11.19,-0.2007,2019-07-11,29.03,15.03,1.073571429,Gain,
PD,2019-04-11,PagerDuty,24,41.18,0.7158,2019-07-11,49.4,25.4,1.058333333,Gain,
GHSI,2019-04-05,Guardion Health Sciences,4,2.62,-0.345,2019-07-05,1.23,-2.77,-0.6925,Loss,
RUHN,2019-04-03,Ruhnn Holding,12.5,3.39,-0.7292,2019-07-03,3.59,-8.91,-0.7128,Loss,
PBTS,2019-04-02,Powerbridge Technologies,5,3.68,-0.264,2019-07-02,3.74,-1.26,-0.252,Loss,
DTIL,2019-03-28,Precision BioSciences,16,11.09,-0.3069,2019-06-28,13.25,-2.75,-0.171875,Loss,
JFK,2019-03-28,8i Enterprises Acquisition,10,9,-0.1,2019-06-28,9.9005,-0.0995,-0.00995,Loss,
WTRE,2019-03-28,Watford Holdings,25.26,34.9,0.3816,2019-06-28,27.42,2.16,0.085510689,Gain,
GNFT,2019-03-27,Genfit,22,4.81,-0.7814,2019-06-27,19.98,-2.02,-0.091818182,Loss,
LEVI,2019-03-21,Levi Strauss & Co.,17,25.01,0.4712,2019-06-21,21.76,4.76,0.28,Gain,
TIGR,2019-03-20,UP Fintech Holding,8,20.76,1.595,2019-06-20,5.32,-2.68,-0.335,Loss,
SWAV,2019-03-07,ShockWave Medical,17,119.13,6.0076,2019-06-07,62.91,45.91,2.700588235,Gain,
THCB,2019-03-05,Tuscan Holdings,10,13.96,0.396,2019-06-05,9.79,-0.21,-0.021,Loss,
KLDO,2019-02-28,Kaleido Biosciences,15,10.9,-0.2733,2019-05-28,16.29,1.29,0.086,Gain,
SHLL,2019-02-28,Tortoise Acquisition Corp.,10,44.91,3.491,2019-05-28,9.69,-0.31,-0.031,Loss,
DPHC,2019-02-28,DiamondPeak Holdings,10,18.21,0.821,2019-05-28,9.81,-0.19,-0.019,Loss,
ACAM,2019-02-22,Acamar Partners Acquisition,10,12.3,0.23,2019-05-22,9.75,-0.25,-0.025,Loss,
AREC,2019-02-15,American Resources,4,4.56,0.14,2019-05-15,3.4899,-0.5101,-0.127525,Loss,
MITO,2019-02-15,Stealth BioTherapeutics,12,1.98,-0.835,2019-05-15,14,2,0.166666667,Gain,
HOTH,2019-02-15,Hoth Therapeutics,5.6,2.21,-0.6054,2019-05-15,5.94,0.34,0.060714286,Gain,
TCRR,2019-02-14,TCR2 Therapeutics,15,23.7,0.58,2019-05-14,15.62,0.62,0.041333333,Gain,
IMAC,2019-02-13,IMAC Holdings,5.13,2.06,-0.598,2019-05-13,3.98,-1.15,-0.22417154,Loss,
HARP,2019-02-08,Harpoon Therapeutics,14,19.07,0.3621,2019-05-08,10.41,-3.59,-0.256428571,Loss,
RMG,2019-02-08,RMG Acquisition,10,27,1.7,2019-05-08,9.74,-0.26,-0.026,Loss,
GOSS,2019-02-08,Gossamer Bio,16,9.38,-0.4138,2019-05-08,18.17,2.17,0.135625,Gain,
MNCL,2019-02-07,Monocle Acquisition,10,12.2,0.22,2019-05-07,9.85,-0.15,-0.015,Loss,
ALEC,2019-02-07,Alector,19,21.02,0.1063,2019-05-07,18.74,-0.26,-0.013684211,Loss,
GMHI,2019-02-01,Gores Metropoulos,10,18,0.8,2019-05-01,9.83,-0.17,-0.017,Loss,
NFE,2019-01-31,New Fortress Energy,14,52,2.7143,2019-04-30,12.56,-1.44,-0.102857143,Loss,
ANDA,2019-01-29,Andina Acquisition III,10,10.66,0.066,2019-04-29,9.83,-0.17,-0.017,Loss,
RBKB,2019-01-17,Rhinebeck Bancorp,10,10.49,0.049,2019-04-17,11.66,1.66,0.166,Gain,
BCOW,2019-01-09,1895 Bancorp of Wisconsin,10,14.94,0.494,2019-04-09,9.67,-0.33,-0.033,Loss,
MDJH,2019-01-08,MDJM Ltd.,5,4.25,-0.15,2019-04-08,3.473,-1.527,-0.3054,Loss,
MTC,2019-01-08,"MMTec, Inc.",4,2.83,-0.2925,2019-04-08,4.3301,0.3301,0.082525,Gain,
SXTC,2019-01-04,China SXT Pharmaceuticals,4,2.03,-0.4925,2019-04-04,6.42,2.42,0.605,Gain,
