,SYMBOL,ASSET_TYPE,COMPANY_NAME,EXCHANGE,CURRENCY,COUNTRY,SECTOR,INDUSTRY,ADDRESS
0,MRM,Common Stock,MEDIROM Healthcare Technologies Inc,NASDAQ,USD,USA,Consumer Cyclical,Personal Services,"Tradepia Odaiba, Tokyo, Japan, 135-0091"
1,VTAQ,Common Stock,Ventoux CCM Acquisition Corp,NASDAQ,USD,USA,Financial Services,Shell Companies,"1 East Putnam Avenue, Greenwich, CT, United States, 06830"
2,IKT,Common Stock,"Inhibikase Therapeutics, Inc",NASDAQ,USD,USA,Healthcare,Biotechnology,"3350 Riverwood Parkway, Atlanta, GA, United States, 30339"
3,GBS,Common Stock,GBS Inc,NASDAQ,USD,USA,Healthcare,Medical Devices,"708 3rd Avenue, New York, NY, United States, 10017"
4,HCAR,Common Stock,Healthcare Services Acquisition Corporation,NASDAQ,USD,USA,Financial Services,Shell Companies,"7809 Woodmont Avenue, Bethesda, MD, United States, 20814"
5,CFIV,Common Stock,CF Acquisition Corp. IV,NASDAQ,USD,USA,Financial Services,Shell Companies,"110 East 59th Street, New York, NY, United States, 10022"
6,VII,Common Stock,7GC & Co. Holdings Inc. Class A common stock,NASDAQ,USD,USA,Other,Other,None
7,VHAQ,Common Stock,Viveon Health Acquisition Corp,NYSE MKT,USD,USA,Financial Services,Shell Companies,"Spalding Exchange, Norcross, GA, United States, 30092"
8,ACKIT,Common Stock,Ackrell SPAC Partners I Co,NASDAQ,USD,USA,Financial Services,Shell Companies,"2093 Philadelphia Pike, Claymont, DE, United States, 19703"
9,SVOK,Common Stock,Seven Oaks Acquisition Corp,NASDAQ,USD,USA,Financial Services,Shell Companies,"445 Park Avenue, New York, NY, United States, 10022"
10,GFX,Common Stock,Golden Falcon Acquisition Corp,NYSE,USD,USA,Financial Services,Shell Companies,"850 Library Avenue, Newark, DE, United States, 19711"
11,MASS,Common Stock,908 Devices Inc,NASDAQ,USD,USA,Healthcare,Medical Devices,"645 Summer Street, Boston, MA, United States, 02210"
12,DUNE,Common Stock,Dune Acquisition Corporation,NASDAQ,USD,USA,Financial Services,Shell Companies,"700 South Rosemary Avenue, West Palm Beach, FL, United States, 33401"
13,MTAC,Common Stock,MedTech Acquisition Corporation,NASDAQ,USD,USA,Financial Services,Shell Companies,"600 Fifth Avenue, New York, NY, United States, 10022"
14,IIII,Common Stock,INSU Acquisition Corp. III,NASDAQ,USD,USA,Financial Services,Shell Companies,"2929 Arch Street, Philadelphia, PA, United States, 19104-2870"
15,MDWT,Common Stock,Midwest Holding Inc,NASDAQ,USD,USA,Financial Services,Insurance-Life,"2900 South 70th Street, Lincoln, NE, United States, 68506"
16,SCOA,Common Stock,Scion Tech Growth I,NASDAQ,USD,USA,Financial Services,Shell Companies,"10 Queen St Place, London, United Kingdom, EC4R 1BE"
17,COOL,Common Stock,Corner Growth Acquisition Corp. Class A Ordinary Shares,NASDAQ,USD,USA,Other,Other,None
18,VIRI,Common Stock,"Virios Therapeutics, LLC",NASDAQ,USD,USA,Healthcare,Biotechnology,"44 Milton Avenue, Alpharetta, GA, United States, 30009"
19,WISH,Common Stock,ContextLogic Inc,NASDAQ,USD,USA,Consumer Cyclical,Internet Retail,"One Sansome Street, San Francisco, CA, United States, 94104-4418"
20,UPST,Common Stock,"Upstart Holdings, Inc",NASDAQ,USD,USA,Financial Services,Credit Services,"2950 South Delaware Street, San Mateo, CA, United States, 94403"
21,CCV,Common Stock,Comcast Corporation 5.00% Notes Due 2061,NYSE,USD,USA,Other,Other,None
22,SCPS,Common Stock,Scopus BioPharma Inc,NASDAQ,USD,USA,Healthcare,Biotechnology,"420 Lexington Avenue, New York, NY, United States, 10170"
23,BCAB,Common Stock,"BioAtla, Inc",NASDAQ,USD,USA,Healthcare,Biotechnology,"11085 Torreyana Road, San Diego, CA, United States, 92121"
24,WNW,Common Stock,Wunong Net Technology Company Limited,NASDAQ,USD,USA,Consumer Cyclical,Restaurants,"B401, 4th Floor, Shenzhen, China"
25,KINZ,Common Stock,KINS Technology Group Inc,NASDAQ,USD,USA,Financial Services,Shell Companies,"Four Palo Alto Square, Palo Alto, CA, United States, 94306"
26,MRAC,Common Stock,Marquee Raine Acquisition Corp,NASDAQ,USD,USA,Financial Services,Shell Companies,"65 East 55th Street, New York, NY, United States, 10022"
27,OCG,Common Stock,Oriental Culture Holding LTD,NASDAQ,USD,USA,Consumer Cyclical,Internet Retail,"No. 2, Youzishan Road, Nanjing, China, 210000"
28,BLUW,Common Stock,Blue Water Acquisition Corp,NASDAQ,USD,USA,Financial Services,Shell Companies,"15 East Putnam Avenue, Greenwich, CT, United States, 06830"
29,ATA,Common Stock,Americas Technology Acquisition Corp,NYSE,USD,USA,Financial Services,Shell Companies,"16400 Dallas Parkway, Dallas, TX, United States, 75248"
30,ABCL,Common Stock,AbCellera Biologics Inc,NASDAQ,USD,USA,Healthcare,Biotechnology,"2215 Yukon Street, Vancouver, BC, Canada, V5Y 0A1"
31,NBTX,Common Stock,Nanobiotix S.A,NASDAQ,USD,USA,Healthcare,Biotechnology,"60 rue de Wattignies, Paris, France, 75012"
32,FDMT,Common Stock,"4D Molecular Therapeutics, Inc",NASDAQ,USD,USA,Healthcare,Biotechnology,"5858 Horton Street, EmeryVille, CA, United States, 94608"
33,ROCC,Common Stock,Roth CH Acquisition II Co,NASDAQ,USD,USA,Financial Services,Shell Companies,"888 San Clemente Drive, Newport Beach, CA, United States, 92660"
34,GLAQ,Common Stock,Globis Acquisition Corp,NASDAQ,USD,USA,Financial Services,Shell Companies,"805 3rd Avenue, New York, NY, United States, 10022"
35,MOTV,Common Stock,Motive Inc,NYSE,USD,USA,Other,Other,None
36,EDTX,Common Stock,EdtechX Holdings Acquisition Corp. II Class A common stock,NASDAQ,USD,USA,Financial Services,Shell Companies,"22 Soho Square, London, United Kingdom, W1D 4NS"
37,SNRH,Common Stock,Senior Connect Acquisition Corp. I,NASDAQ,USD,USA,Financial Services,Shell Companies,"7114 East Stetson Drive, Scottsdale, AZ, United States, 85251"
38,GHVI,Common Stock,"Gores Holdings VI, Inc",NASDAQ,USD,USA,Financial Services,Shell Companies,"6260 Lookout Road, Boulder, CO, United States, 80301"
39,TVAC,Common Stock,Thayer Ventures Acquisition Corporation,NASDAQ,USD,USA,Financial Services,Shell Companies,"25852 McBean Parkway, Valencia, CA, United States, 91355"
40,CBAH,Common Stock,"CBRE Acquisition Holdings, Inc",NYSE,USD,USA,Financial Services,Shell Companies,"2100 McKinney Avenue, Dallas, TX, United States, 75201"
41,VVOS,Common Stock,"Vivos Therapeutics, Inc",NASDAQ,USD,USA,Healthcare,Medical Devices,"9137 South Ridgeline Boulevard, Highlands Ranch, CO, United States, 80129"
42,CERT,Common Stock,"Certara, Inc",NASDAQ,USD,USA,Healthcare,Biotechnology,"100 Overlook Center, Princeton, NJ, United States, 08540"
43,RMGB,Common Stock,RMG Acquisition Corporation II,NASDAQ,USD,USA,Financial Services,Shell Companies,"50 West Street, New York, NY, United States, 10006"
44,HYFM,Common Stock,"Hydrofarm Holdings Group, Inc",NASDAQ,USD,USA,Industrials,Farm & Heavy Construction Machinery,"2249 South McDowell Boulevard Ext., Petaluma, CA, United States, 94954"
45,ABNB,Common Stock,"Airbnb, Inc",NASDAQ,USD,USA,Communication Services,Internet Content & Information,"888 Brannan Street, San Francisco, CA, United States, 94103"
46,CTAQ,Common Stock,Carney Technology Acquisition Corp. II,NASDAQ,USD,USA,Financial Services,Shell Companies,"533 Airport Boulevard, Burlingame, CA, United States, 94010"
47,PCPC,Common Stock,Periphas Capital Partnering Corporation,NYSE,USD,USA,Financial Services,Shell Companies,"667 Madison Avenue, New York, NY, United States, 10065"
48,NEBC,Common Stock,Nebula Caravel Acquisition Corp,NASDAQ,USD,USA,Financial Services,Shell Companies,"Four Embarcadero Center, San Francisco, CA, United States, 94111"
49,DASH,Common Stock,"DoorDash, Inc",NYSE,USD,USA,Communication Services,Internet Content & Information,"South Tower, San Francisco, CA, United States, 94107"
50,HMCO,Common Stock,Humanco Acquisition Corp,NASDAQ,USD,USA,Financial Services,Shell Companies,"PO Box 90608, Austin, TX, United States, 78709"
51,PUBM,Common Stock,"PubMatic, Inc",NASDAQ,USD,USA,Technology,Software-Application,"3 Lagoon Drive, Redwood City, CA, United States, 94065"
52,ALTU,Common Stock,Altitude Acquisition Corp,NASDAQ,USD,USA,Financial Services,Shell Companies,"400 Perimeter Center Terrace, Atlanta, GA, United States, 30346"
53,AI,Common Stock,"C3.ai, Inc",NYSE,USD,USA,Technology,Information Technology Services,"1300 Seaport Boulevard, Redwood City, CA, United States, 94063"
54,FLAC,Common Stock,Frazier Lifesciences Acquisition Corp,NASDAQ,USD,USA,Financial Services,Shell Companies,"Two Union Square, Seattle, WA, United States, 98101"
55,CND,Common Stock,Concord Acquisition Corp,NYSE,USD,USA,Financial Services,Shell Companies,"477 Madison Avenue, New York, NY, United States, 10022"
56,DDMX,Common Stock,DD3 Acquisition Corp. II Class A Common Stock,NASDAQ,USD,USA,Other,Other,None
57,MUDS,Common Stock,Mudrick Capital Acquisition Corporation II,NASDAQ,USD,USA,Financial Services,Shell Companies,"527 Madison Avenue, New York, NY, United States, 10022"
58,RAAC,Common Stock,Revolution Acceleration Acquisition Corp,NASDAQ,USD,USA,Financial Services,Shell Companies,"1717 Rhode Island Avenue, NW, Washington, DC, United States, 20036"
59,YQ,Common Stock,17 Education & Technology Group Inc,NASDAQ,USD,USA,Other,Other,"Wangjing Greenland Center, Beijing, China, 100102"
60,SBTX,Common Stock,"Silverback Therapeutics, Inc",NASDAQ,USD,USA,Healthcare,Biotechnology,"500 Fairview Avenue North, Seattle, WA, United States, 98109"
61,SEER,Common Stock,"Seer, Inc",NASDAQ,USD,USA,Healthcare,Biotechnology,"3800 Bridge Parkway, Redwood City, CA, United States, 94065"
62,SGTX,Common Stock,"Sigilon Therapeutics, Inc",NASDAQ,USD,USA,Healthcare,Biotechnology,"100 Binney Street, Cambridge, MA, United States, 02142"
63,FTCV,Common Stock,Fintech Acquisition Corp. V,NASDAQ,USD,USA,Financial Services,Shell Companies,"2929 Arch Street, Philadelphia, PA, United States, 19104-2870"
64,PTIC,Common Stock,PropTech Investment Corporation II,NASDAQ,USD,USA,Financial Services,Shell Companies,"3415 North Pines Way, Wilson, WY, United States, 83014"
65,FPAC,Common Stock,Far Peak Acquisition Corporation,NYSE,USD,USA,Financial Services,Shell Companies,"480 6th Avenue, New York, NY, United States, 10011"
66,HTPA,Common Stock,Highland Transcend Partners I Corp,NYSE,USD,USA,,,"16 Fayerweather Street, Cambridge, MA, United States, 02138"
67,KNTE,Common Stock,Kinnate Biopharma Inc,NASDAQ,USD,USA,Healthcare,Biotechnology,"11975 El Camino Real, San Diego, CA, United States, 92130"
68,LOKB,Common Stock,Live Oak Acquisition Corp. II,NYSE,USD,USA,Financial Services,Shell Companies,"4921 William Arnold Road, Memphis, TN, United States, 38117"
69,DCBO,Common Stock,Docebo Inc,PINK,USD,USA,Technology,Software-Application,"366 Adelaide Street West, Toronto, ON, Canada, M5V 1R9"
70,SPFR,Common Stock,Jaws Spitfire Acquisition Corporation,NYSE,USD,USA,Financial Services,Shell Companies,"1601 Washington Avenue, Miami Beach, FL, United States, 33139"
71,RSVA,Common Stock,Rodgers Silicon Valley Acquisition Corp,NASDAQ,USD,USA,Financial Services,Shell Companies,"535 Eastview Way, Woodside, CA, United States, 94062"
72,TACA,Common Stock,Trepont Acquisition Corp I,NYSE,USD,USA,Financial Services,Shell Companies,"Four Embarcadero Center, San Francisco, CA, United States, 94111"
73,CAP,Common Stock,Capitol Investment Corp. V,NYSE,USD,USA,Other,Other,"1300 17th Street North, Arlington, VA, United States, 22209"
74,SGAM,Common Stock,Seaport Global Acquisition Corp,NASDAQ,USD,USA,Financial Services,Shell Companies,"360 Madison Avenue, New York, NY, United States, 10017"
75,FRX,Common Stock,Forest Road Acquisition Corp,NYSE,USD,USA,Financial Services,Shell Companies,"1177 Avenue of the Americas, New York, NY, United States, 10036"
76,SPRQ,Common Stock,Spartan Acquisition Corp. II,NYSE,USD,USA,Financial Services,Shell Companies,"9 West 57th Street, New York, NY, United States, 10019"
77,OZON,Common Stock,Ozon Holdings PLC,NASDAQ,USD,USA,Healthcare,Diagnostics & Research,"Arch. Makariou III, Nicosia, Cyprus, 1065"
78,SV,Common Stock,Spring Valley Acquisition Corp,NASDAQ,USD,USA,Financial Services,Shell Companies,"2100 McKinney Avenue, Dallas, TX, United States, 75201"
79,VMAR,Common Stock,Vision Marine Technologies Inc,NASDAQ,USD,USA,Consumer Cyclical,Leisure,"730 Boulevard du CurE-Boivin, Boisbriand, QC, Canada, J7G 2A7"
80,GNPK,Common Stock,Genesis Park Acquisition Corp,NYSE,USD,USA,Financial Services,Shell Companies,"2000 Edwards Street, Houston, TX, United States, 77007"
81,VCVC,Common Stock,10X Capital Venture Acquisition Corp,NASDAQ,USD,USA,Financial Services,Shell Companies,"1 World Trade Center, New York, NY, United States, 10007"
82,TINV,Common Stock,Tiga Acquisition Corp,NYSE,USD,USA,Financial Services,Shell Companies,"Raffles City Tower, Singapore, Singapore, 179101"
83,BREZ,Common Stock,Breeze Holdings Acquisition Corp,NASDAQ,USD,USA,Financial Services,Shell Companies,"5324 Davis Boulevard, North Richland Hills, TX, United States, 76180"
84,LSAQ,Common Stock,LifeSci Acquisition II Corp,NASDAQ,USD,USA,Financial Services,Shell Companies,"250 West 55th Street, New York, NY, United States, 10019"
85,ARBG,Common Stock,Aequi Acquisition Corp,NASDAQ,USD,USA,Financial Services,Shell Companies,"500 West Putnam Avenue, Greenwich, CT, United States, 06830"
86,MRVI,Common Stock,"Maravai LifeSciences Holdings, Inc",NASDAQ,USD,USA,Healthcare,Biotechnology,"10770 Wateridge Circle, San Diego, CA, United States, 92121"
87,CAS,Common Stock,A. M. Castle & Company,NYSE,USD,USA,Other,Other,None
88,SHC,Common Stock,Sotera Health Company,NASDAQ,USD,USA,Healthcare,Diagnostics & Research,"9100 South Hills Boulevard, Broadview Heights, OH, United States, 44147"
89,KWAC,Common Stock,Kingswood Acquisition Corp,NYSE,USD,USA,Financial Services,Shell Companies,"17 Battery Place, New York, NY, United States, 10004"
90,OCA,Common Stock,Omnichannel Acquisition Corp,NYSE,USD,USA,Financial Services,Shell Companies,"485 Springfield Avenue, Summit, NJ, United States, 07901"
91,IIAC,Common Stock,Investindustrial Acquisition Corp,NYSE,USD,USA,Financial Services,Shell Companies,"11-12 St James?s Square, London, United Kingdom, SW1Y 4LB"
92,NGMS,Common Stock,NeoGames S.A,NASDAQ,USD,USA,Communication Services,Electronic Gaming & Multimedia,"Building C, Tel Aviv, Israel, 6971014"
93,LNFA,Common Stock,L&F Acquisition Corp,NYSE,USD,USA,Financial Services,Shell Companies,"150 North Riverside Plaza, Chicago, IL, United States, 60606"
94,RTPZ,Common Stock,Reinvent Technology Partners Z,NYSE,USD,USA,Financial Services,Shell Companies,"215 Park Avenue, New York, NY, United States, 10003"
95,TLS,Common Stock,Telos Corporation,NASDAQ,USD,USA,Other,Other,"19886 Ashburn Road, Ashburn, VA, United States, 20147"
96,YSG,Common Stock,Yatsen Holding Limited,NYSE,USD,USA,Consumer Cyclical,Specialty Retail,"Poly Midtown Plaza, Guangzhou, China, 510330"
97,OLMA,Common Stock,"Olema Pharmaceuticals, Inc",NASDAQ,USD,USA,Healthcare,Biotechnology,"512 2nd Street, San Francisco, CA, United States, 94107"
98,JYAC,Common Stock,Jiya Acquisition Corp,NASDAQ,USD,USA,Financial Services,Shell Companies,"628 Middlefield Road, Palo Alto, CA, United States, 94301"
99,CHFW,Common Stock,Consonance-HFW Acquisition Corp,NYSE MKT,USD,USA,Financial Services,Shell Companies,"1 Palmer Square, Princeton, NJ, United States, 08540"
100,PHIC,Common Stock,"Population Health Investment Co., Inc",NASDAQ,USD,USA,Financial Services,Shell Companies,"One World Financial Center, New York, NY, United States, 10281"
101,DGNS,Common Stock,Dragoneer Growth Opportunities Corp. II,NASDAQ,USD,USA,Financial Services,Shell Companies,"Building D, San Francisco, CA, United States, 94129"
102,PIPP,Common Stock,Pine Island Acquisition Corp,NYSE,USD,USA,Financial Services,Shell Companies,"2455 East Sunrise Boulevard, Fort Lauderdale, FL, United States, 33304"
103,OTRA,Common Stock,OTR Acquisition Corp,NASDAQ,USD,USA,Financial Services,Shell Companies,"1395 Brickell Avenue, Miami, FL, United States, 33131"
104,ZNTE,Common Stock,Zanite Acquisition Corp,NASDAQ,USD,USA,Financial Services,Shell Companies,", Cleveland, OH, United States"
105,HAAC,Common Stock,Health Assurance Acquisition Corp,NASDAQ,USD,USA,Financial Services,Shell Companies,"20 University Road, Cambridge, MA, United States, 02138"
106,CFAC,Common Stock,CF Finance Acquisition Corp. III,NASDAQ,USD,USA,Financial Services,Shell Companies,"110 East 59th Street, New York, NY, United States, 10022"
107,BWAC,Common Stock,Better World Acquisition Corp,NASDAQ,USD,USA,Financial Services,Shell Companies,"733 Third Avenue, New York, NY, United States, 10017"
108,DMYI,Common Stock,"dMY Technology Group, Inc. III",NYSE,USD,USA,Financial Services,Shell Companies,"1180 North Town Center Drive, Las Vegas, NV, United States, 89144"
109,STIC,Common Stock,Northern Star Acquisition Corp,NYSE,USD,USA,Financial Services,Shell Companies,"405 Lexington Avenue, New York, NY, United States, 10174"
110,NOAC,Common Stock,Natural Order Acquisition Corp. Common Stock,NASDAQ,USD,USA,Financial Services,Shell Companies,"30 Colpitts Road, Weston, MA, United States, 02493"
111,TSIA,Common Stock,TS Innovation Acquisitions Corp,NASDAQ,USD,USA,Financial Services,Shell Companies,"Rockefeller Center, New York, NY, United States, 10111"
112,ADOC,Common Stock,Edoc Acquisition Corp,NASDAQ,USD,USA,Financial Services,Shell Companies,"7612 Main Street Fishers, Victor, NY, United States, 14564"
113,DBDR,Common Stock,Roman DBDR Tech Acquisition Corp,NASDAQ,USD,USA,Financial Services,Shell Companies,"345 Lorton Avenue, Burlingame, CA, United States, 94010"
114,NBA,Common Stock,New Beginnings Acquisition Corp,NYSE MKT,USD,USA,Financial Services,Shell Companies,"800 1st Street, Miami, FL, United States, 33139"
115,LU,Common Stock,Lufax Holding Ltd,NYSE,USD,USA,Other,Other,"No. 1333 Lujiazui Ring Road, Shanghai, China"
116,CONX,Common Stock,CONX Corp,NASDAQ,USD,USA,Financial Services,Shell Companies,"5701 South Santa Fe Drive, Littleton, CO, United States, 80120"
117,SQZ,Common Stock,SQZ Biotechnologies Company,NYSE,USD,USA,Healthcare,Biotechnology,"200 Arsenal Yards Boulevard, Watertown, MA, United States, 02472"
118,JUPW,Common Stock,"Jupiter Wellness, Inc",NASDAQ,USD,USA,Healthcare,Drug Manufacturers-Specialty & Generic,"725 North Highway A1A, Jupiter, FL, United States, 33477"
119,BHSE,Common Stock,Bull Horn Holdings Corp,NASDAQ,USD,USA,Financial Services,Shell Companies,"801 South Pointe Drive, Miami Beach, FL, United States, 33139"
120,AVIR,Common Stock,"Atea Pharmaceuticals, Inc",NASDAQ,USD,USA,Healthcare,Biotechnology,"125 Summer Street, Boston, MA, United States, 02110"
121,ALGM,Common Stock,"Allegro MicroSystems, Inc",NASDAQ,USD,USA,Technology,Semiconductors,"955 Perimeter Road, Manchester, NH, United States, 03103-3353"
122,LESL,Common Stock,"Leslie's, Inc",NASDAQ,USD,USA,Consumer Cyclical,Home Improvement Retail,"2005 East Indian School Road, Phoenix, AZ, United States, 85016"
123,GLTO,Common Stock,"Galecto, Inc",NASDAQ,USD,USA,Healthcare,Biotechnology,"Ole Maaloes Vej 3, Copenhagen, Denmark, 2200"
124,DSAC,Common Stock,Duddell Street Acquisition Corp,NASDAQ,USD,USA,Financial Services,Shell Companies,"Printing House, Hong Kong, Hong Kong"
125,ROOT,Common Stock,"Root, Inc",NASDAQ,USD,USA,Financial Services,Insurance-Property & Casualty,"80 East Rich Street, Columbus, OH, United States, 43215"
126,GATO,Common Stock,"Gatos Silver, Inc",NYSE,USD,USA,Basic Materials,Other Precious Metals & Mining,"8400 East Crescent Parkway, Greenwood Village, CO, United States, 80111"
127,BOAC,Common Stock,Bluescape Opportunities Acquisition Corp,NYSE,USD,USA,Financial Services,Shell Companies,"200 Crescent Court, Dallas, TX, United States, 75201"
128,ACIC,Common Stock,Atlas Crest Investment Corp,NYSE,USD,USA,Financial Services,Shell Companies,"399 Park Avenue, New York, NY, United States, 10022"
129,AJAX,Common Stock,Ajax I,NYSE,USD,USA,Financial Services,Shell Companies,"667 Madison Avenue, New York, NY, United States, 10606"
130,BDSX,Common Stock,"Biodesix, Inc",NASDAQ,USD,USA,Healthcare,Diagnostics & Research,"2970 Wilderness Place, Boulder, CO, United States, 80301"
131,ABST,Common Stock,Absolute Software Corporation,NASDAQ,USD,USA,Technology,Software-Application,"Four Bentall Centre, Vancouver, BC, Canada, V7X 1K8"
132,MAX,Common Stock,"MediaAlpha, Inc",NYSE,USD,USA,Communication Services,Internet Content & Information,"700 South Flower Street, Los Angeles, CA, United States, 90017"
133,MACU,Common Stock,Mallard Acquisition Corp,NASDAQ,USD,USA,Financial Services,Shell Companies,"19701 Bethel Church Road, Cornelius, NC, United States, 28031"
134,LUXA,Common Stock,Lux Health Tech Acquisition Corp,NASDAQ,USD,USA,Financial Services,Shell Companies,"920 Broadway, New York, NY, United States, 10010"
135,ATAC,Common Stock,Altimar Acquisition Corporation,NYSE,USD,USA,Other,Other,"40 West 57th Street, New York, NY, United States, 10019"
136,FHTX,Common Stock,Foghorn Therapeutics Inc,NASDAQ,USD,USA,Healthcare,Biotechnology,"100 Binney Street, Cambridge, MA, United States, 02142"
137,EUCR,Common Stock,Eucrates Biomedical Acquisition Corp,NASDAQ,USD,USA,Financial Services,Shell Companies,"250 West 55Th Street, New York, NY, United States, 10019"
138,ACAC,Common Stock,Acies Acquisition Corp,NASDAQ,USD,USA,Financial Services,Shell Companies,", Cayman Islands"
139,MCFE,Common Stock,McAfee Corp,NASDAQ,USD,USA,Technology,Software-Application,"6220 America Center Drive, San Jose, CA, United States, 95002"
140,TEKK,Common Stock,Tekkorp Digital Acquisition Corp,NASDAQ,USD,USA,Financial Services,Shell Companies,"1980 Festival Plaza Drive, Las Vegas, NV, United States, 89135"
141,ABCM,Common Stock,Abcam plc,NASDAQ,USD,USA,Healthcare,Biotechnology,"Discovery Drive, Cambridge, United Kingdom, CB2 0AX"
142,GHLD,Common Stock,Guild Holdings Company,NYSE,USD,USA,Financial Services,Mortgage Finance,"5887 Copley Drive, San Diego, CA, United States, 92111"
143,YSAC,Common Stock,Yellowstone Acquisition Company,NASDAQ,USD,USA,Financial Services,Shell Companies,"1411 Harney Street, Omaha, NE, United States, 68102"
144,RICE,Common Stock,Rice Acquisition Corp,NYSE,USD,USA,Other,Other,"102 East Main Street, Carnegie, PA, United States, 15106"
145,CTAC,Common Stock,Cerberus Telecom Acquisition Corp,NYSE,USD,USA,Financial Services,Shell Companies,"875 Third Avenue, New York, NY, United States, 10022"
146,BLSA,Common Stock,BCLS Acquisition Corp,NASDAQ,USD,USA,Financial Services,Shell Companies,"200 Clarendon Street, Boston, MA, United States, 02116"
147,HIGA,Common Stock,H.I.G. Acquisition Corp,NYSE,USD,USA,Financial Services,Shell Companies,"1450 Brickell Avenue, Miami, FL, United States, 33131"
148,SRSA,Common Stock,Sarissa Capital Acquisition Corp,NASDAQ,USD,USA,Financial Services,Shell Companies,"660 Steamboat Road, Greenwich, CT, United States, 06830"
149,MSP,Common Stock,Datto Holding Corp,NYSE,USD,USA,Other,Other,"101 Merritt 7, Norwalk, CT, United States, 06851"
150,SPNV,Common Stock,"Supernova Partners Acquisition Company, Inc",NYSE,USD,USA,Other,Other,"4520 Dexter Street, NW, Washington, DC, United States, 20007"
151,XPOA,Common Stock,"DPCM Capital, Inc",NYSE,USD,USA,Financial Services,Shell Companies,"382 NE 191 Street, Miami, FL, United States, 33179"
152,YGMZ,Common Stock,MingZhu Logistics Holdings Limited,NASDAQ,USD,USA,Industrials,Trucking,"Yantian Modern Industry Service Center, Shenzhen, China, 518081"
153,LFTR,Common Stock,Lefteris Acquisition Corp,NASDAQ,USD,USA,Financial Services,Shell Companies,"292 Newbury Street, Boston, MA, United States, 02115"
154,DCRB,Common Stock,Decarbonization Plus Acquisition Corporation,NASDAQ,USD,USA,Financial Services,Shell Companies,"2744 Sand Hill Road, Menlo Park, CA, United States, 94025"
155,GWAC,Common Stock,Good Works Acquisition Corp,NASDAQ,USD,USA,Financial Services,Shell Companies,"4265 San Felipe, Houston, TX, United States, 77027"
156,HLXA,Common Stock,Helix Acquisition Corp,NASDAQ,USD,USA,Financial Services,Shell Companies,"200 Clarendon Street, Boston, MA, United States, 02116"
157,HZON,Common Stock,Horizon Acquisition Corporation II,NYSE,USD,USA,Financial Services,Shell Companies,"600 Steamboat Road, Greenwich, CT, United States, 06830"
158,BTWN,Common Stock,Bridgetown Holdings Limited,NASDAQ,USD,USA,Financial Services,Shell Companies,"Champion Tower, Central, Hong Kong"
159,EAR,Common Stock,"Eargo, Inc",NASDAQ,USD,USA,Healthcare,Medical Devices,"1600 Technology Drive, San Jose, CA, United States, 95110"
160,TARS,Common Stock,"Tarsus Pharmaceuticals, Inc",NASDAQ,USD,USA,Healthcare,Biotechnology,"15440 Laguna Canyon Road, Irvine, CA, United States, 92618"
161,KRBP,Common Stock,"Kiromic BioPharma, Inc",NASDAQ,USD,USA,Healthcare,Biotechnology,"7707 Fannin, Houston, TX, United States, 77054"
162,OPT,Common Stock,Opthea Limited,NASDAQ,USD,USA,Healthcare,Biotechnology,"650 Chapel Street, South Yarra, VIC, Australia, 3141"
163,PRAX,Common Stock,"Praxis Precision Medicines, Inc",NASDAQ,USD,USA,Healthcare,Biotechnology,"One Broadway, Cambridge, MA, United States, 02142"
164,TMPM,Common Stock,Turmeric Acquisition Corp,NASDAQ,USD,USA,Financial Services,Shell Companies,"450 Kendall Street, Cambridge, MA, United States, 02142"
165,ALGS,Common Stock,"Aligos Therapeutics, Inc",NASDAQ,USD,USA,Healthcare,Biotechnology,"One Corporate Drive, South San Francisco, CA, United States, 94080"
166,TMTS,Common Stock,Spartacus Acquisition Corporation,NASDAQ,USD,USA,Financial Services,Shell Companies,"6470 East Johns Crossing, Duluth, GA, United States, 30097"
167,EBC,Common Stock,"Eastern Bankshares, Inc",NASDAQ,USD,USA,Financial Services,Banks-Regional,"265 Franklin Street, Boston, MA, United States, 02110"
168,ARRY,Common Stock,"Array Technologies, Inc",NASDAQ,USD,USA,Technology,Solar,"3901 Midway Place NE, Albuquerque, NM, United States, 87109"
169,MNSO,Common Stock,MINISO Group Holding Limited,NYSE,USD,USA,Consumer Cyclical,Specialty Retail,"25F, Heye Plaza, Guangzhou, China, 510140"
170,MOTN,Common Stock,Motion Acquisition Corp,NASDAQ,USD,USA,Financial Services,Shell Companies,"The Chrysler Building, New York, NY, United States, 10174"
171,FVAM,Common Stock,5:01 Acquisition Corp,NASDAQ,USD,USA,Financial Services,Shell Companies,"501 Second Street, San Francisco, CA, United States, 94107"
172,CDAK,Common Stock,"Codiak BioSciences, Inc",NASDAQ,USD,USA,Healthcare,Biotechnology,"500 Technology Square, Cambridge, MA, United States, 02139"
173,IPOD,Common Stock,Social Capital Hedosophia Holdings Corp. IV,NYSE,USD,USA,Financial Services,Shell Companies,"317 University Avenue, Palo Alto, CA, United States, 94301"
174,IPOE,Common Stock,Social Capital Hedosophia Holdings Corp. V,NYSE,USD,USA,Financial Services,Shell Companies,"317 University Avenue, Palo Alto, CA, United States, 94301"
175,IPOF,Common Stock,Social Capital Hedosophia Holdings Corp. VI,NYSE,USD,USA,Financial Services,Shell Companies,"317 University Avenue, Palo Alto, CA, United States, 94301"
176,INTZ,Common Stock,Intrusion Inc,NASDAQ,USD,USA,Technology,Software-Application,"101 East Park Blvd, Plano, TX, United States, 75074"
177,SPRB,Common Stock,"Spruce Biosciences, Inc",NASDAQ,USD,USA,Healthcare,Biotechnology,"2001 Junipero Serra Boulevard, Daly City, CA, United States, 94014"
178,STTK,Common Stock,"Shattuck Labs, Inc",NASDAQ,USD,USA,Other,Other,"1018 West 11th Street, Austin, TX, United States, 78703"
179,KRON,Common Stock,"Kronos Bio, Inc",NASDAQ,USD,USA,Other,Other,"1300 South El Camino Real, San Mateo, CA, United States, 94402"
180,LCY,Common Stock,"Landcadia Holdings III, Inc",NASDAQ,USD,USA,Financial Services,Shell Companies,"1510 West Loop South, Houston, TX, United States, 77027"
181,IH,Common Stock,iHuman Inc,NYSE,USD,USA,Consumer Defensive,Education & Training Services,"K2, North America International Business Park, Beijing, China, 100012"
182,PAIC,Common Stock,"Petra Acquisition, Inc",NASDAQ,USD,USA,Financial Services,Shell Companies,"5 West 21st Street, New York, NY, United States, 10010"
183,FUBO,Common Stock,fuboTV Inc,NYSE,USD,USA,Communication Services,Entertainment,"1330 Avenue of the Americas, New York, NY, United States, 10019"
184,AZYO,Common Stock,"Aziyo Biologics, Inc",NASDAQ,USD,USA,Healthcare,Medical Devices,"12510 Prosperity Drive, Silver Spring, MD, United States, 20904"
185,NGAC,Common Stock,NextGen Acquisition Corporation,NASDAQ,USD,USA,Other,Other,"2255 Glades Road,, Boca Raton, FL, United States, 33431"
186,MAAC,Common Stock,Montes Archimedes Acquisition Corp,NASDAQ,USD,USA,Financial Services,Shell Companies,"724 Oak Grove, Menlo Park, CA, United States, 94025"
187,EMPW,Common Stock,Empower Ltd,NYSE,USD,USA,Financial Services,Shell Companies,"245 Park Avenue, New York, NY, United States, 10167"
188,SQFT,Common Stock,"Presidio Property Trust, Inc",NASDAQ,USD,USA,Real Estate,REIT-Diversified,"4995 Murphy Canyon Road, San Diego, CA, United States, 92123"
189,PACE,Common Stock,TPG Pace Tech Opportunities Corp,NASDAQ,USD,USA,Financial Services,Shell Companies,"301 Commerce Street, Fort Worth, TX, United States, 76102"
190,TPGY,Common Stock,TPG Pace Beneficial Finance Corp,NYSE,USD,USA,Financial Services,Shell Companies,"301 Commerce Street, Fort Worth, TX, United States, 76102"
191,FMAC,Common Stock,FirstMark Horizon Acquisition Corp,NYSE,USD,USA,Financial Services,Shell Companies,"100 5th Avenue, New York, NY, United States, 10011"
192,APSG,Common Stock,Apollo Strategic Growth Capital,NYSE,USD,USA,Financial Services,Shell Companies,"9 West 57th Street, New York, NY, United States, 10019"
193,IMNM,Common Stock,"Immunome, Inc",NASDAQ,USD,USA,Healthcare,Biotechnology,"665 Stockton Drive, Exton, PA, United States, 19341"
194,AVAN,Common Stock,Avanti Acquisition Corp,NYSE,USD,USA,Financial Services,Shell Companies,"Boundary Hall, Grand Cayman, Cayman Islands, KY1-1102"
195,ASAQ,Common Stock,Atlantic Avenue Acquisition Corp,NYSE,USD,USA,Financial Services,Shell Companies,"2200 Atlantic Street, Stamford, CT, United States, 06902"
196,IACA,Common Stock,ION Acquisition Corp 1 Ltd,NYSE,USD,USA,Financial Services,Shell Companies,"89 Medinat Hayehudim Street, Herzliya, Israel, 4676672"
197,SEAH,Common Stock,Sports Entertainment Acquisition Corp,NYSE,USD,USA,Financial Services,Shell Companies,"Golden Bear Plaza, North Palm Beach, FL, United States, 33408"
198,ASO,Common Stock,"Academy Sports and Outdoors, Inc",NASDAQ,USD,USA,Other,Other,"1800 North Mason Road, Katy, TX, United States, 77449"
199,ONCR,Common Stock,"Oncorus, Inc",NASDAQ,USD,USA,Healthcare,Biotechnology,"50 Hampshire Street, Cambridge, MA, United States, 02139"
200,CCCC,Common Stock,"C4 Therapeutics, Inc",NASDAQ,USD,USA,Other,Other,"490 Arsenal Way, Watertown, MA, United States, 02472"
201,VGAC,Common Stock,VG Acquisition Corp,NYSE,USD,USA,Financial Services,Shell Companies,"65 Bleecker Street, New York, NY, United States, 10012"
202,VYGG,Common Stock,Vy Global Growth,NYSE,USD,USA,Financial Services,Shell Companies,"Willow House, Grand Cayman, Cayman Islands, KY1-9010"
203,IMPX,Common Stock,AEA-Bridges Impact Corp,NYSE,USD,USA,Financial Services,Shell Companies,"Boundary Hall, Grand Cayman, Cayman Islands, KY1-1102"
204,LXEH,Common Stock,"Lixiang Education Holding Co., Ltd",NASDAQ,USD,USA,Consumer Defensive,Education & Training Services,"No. 818, Hua Yuan Street, Lishui, China, 323000"
205,THRY,Common Stock,"Thryv Holdings, Inc",NASDAQ,USD,USA,,,"2200 West Airfield Drive, DFW Airport, TX, United States, 75261"
206,AGC,Common Stock,Altimeter Growth Corp,NYSE,USD,USA,Financial Services,Shell Companies,"2550 Sand Hill Road, Menlo Park, CA, United States, 94025"
207,AVO,Common Stock,"Mission Produce, Inc",NASDAQ,USD,USA,Consumer Defensive,Farm Products,"2500 East Vineyard Avenue, Oxnard, CA, United States, 93036"
208,IGAC,Common Stock,IG Acquisition Corp,NASDAQ,USD,USA,Financial Services,Shell Companies,"251 Park Avenue South, New York, NY, United States, 10010"
209,LUNG,Common Stock,Pulmonx Corporation,NASDAQ,USD,USA,Other,Other,"700 Chesapeake Drive, Redwood City, CA, United States, 94063"
210,RCHG,Common Stock,Recharge Acquisition Corp,NASDAQ,USD,USA,Financial Services,Shell Companies,"1900 Main Street, Sarasota, FL, United States, 34236"
211,BQ,Common Stock,Boqii Holding Limited,NYSE,USD,USA,Consumer Cyclical,Specialty Retail,"Building 1, Shanghai, China, 201203"
212,VSPR,Common Stock,Vesper Healthcare Acquisition Corp,NASDAQ,USD,USA,Financial Services,Shell Companies,"1819 West Avenue, Miami Beach, FL, United States, 33139"
213,PLTR,Common Stock,Palantir Technologies Inc,NYSE,USD,USA,Technology,Software-Infrastructure,"1555 Blake Street, Denver, CO, United States, 80202"
214,QELL,Common Stock,Qell Acquisition Corp,NASDAQ,USD,USA,Financial Services,Shell Companies,"505 Montgomery Street, San Francisco, CA, United States, 94111"
215,CD,Common Stock,Chindata Group Holdings Limited,NASDAQ,USD,USA,Technology,Information Technology Services,"Chindata Information Techonology Ind. Ca, Beijing, China, 100012"
216,ASAN,Common Stock,"Asana, Inc",NYSE,USD,USA,Technology,Software-Application,"1550 Bryant Street, San Francisco, CA, United States, 94103"
217,YALA,Common Stock,Yalla Group Limited,NYSE,USD,USA,Technology,Software-Application,"Building 16, Dubai, United Arab Emirates"
218,CLII,Common Stock,Climate Change Crisis Real Impact I Acquisition Corporation,NYSE,USD,USA,Financial Services,Shell Companies,"300 Carnegie Center, Princeton, NJ, United States, 08540"
219,FGNA,Common Stock,FG New America Acquisition Corp,NYSE,USD,USA,Financial Services,Shell Companies,"105 South Maple Street, Itasca, IL, United States, 60143"
220,ORPH,Common Stock,Orphazyme A/S,NASDAQ,USD,USA,Other,Other,None
221,AMST,Common Stock,Amesite Inc,NASDAQ,USD,USA,Technology,Software-Application,"607 Shelby Street, Detroit, MI, United States, 48226"
222,FTIV,Common Stock,Fintech Acquisition Corp. IV,NASDAQ,USD,USA,Financial Services,Shell Companies,"2929 Arch Street, Philadelphia, PA, United States, 19104-2870"
223,VACQ,Common Stock,Vector Acquisition Corporation,NASDAQ,USD,USA,Financial Services,Shell Companies,"Steuart Tower, San Francisco, CA, United States, 94105"
224,SYTA,Common Stock,Siyata Mobile Inc,OTCQX,USD,USA,Technology,Communication Equipment,"1001 Lenoir Street, Montreal, QC, Canada, H4C 2Z6"
225,PRLD,Common Stock,Prelude Therapeutics Incorporated,NASDAQ,USD,USA,Healthcare,Biotechnology,"200 Powder Mill Road, Wilmington, DE, United States, 19803"
226,GLSI,Common Stock,"Greenwich LifeSciences, Inc",NASDAQ,USD,USA,Healthcare,Biotechnology,"Building 14, Stafford, TX, United States, 77477"
227,PMVP,Common Stock,"PMV Pharmaceuticals, Inc",NASDAQ,USD,USA,Healthcare,Biotechnology,"8 Clarke Drive, Cranbury, NJ, United States, 08512"
228,GRAY,Common Stock,"Graybug Vision, Inc",NASDAQ,USD,USA,Healthcare,Biotechnology,"275 Shoreline Drive, Redwood City, CA, United States, 94065"
229,VIAO,Common Stock,VIA optronics AG,NYSE,USD,USA,Technology,Electronic Components,"Sieboldstrasse 18, Nuremberg, Germany, 90411"
230,TSHA,Common Stock,"Taysha Gene Therapies, Inc",NASDAQ,USD,USA,Healthcare,Biotechnology,"2280 Inwood Road, Dallas, TX, United States, 75235"
231,PDAC,Common Stock,Peridot Acquisition Corp,NYSE,USD,USA,Financial Services,Shell Companies,"2229 San Felipe Street, Houston, TX, United States, 77019"
232,ACTC,Common Stock,ArcLight Clean Transition Corp,NASDAQ,USD,USA,Financial Services,Shell Companies,"200 Clarendon Street, Boston, MA, United States, 02116"
233,CRSR,Common Stock,"Corsair Gaming, Inc",NASDAQ,USD,USA,Technology,Computer Hardware,"47100 Bayside Parkway, Fremont, CA, United States, 94538"
234,VIH,Common Stock,VPC Impact Acquisition Holdings,NASDAQ,USD,USA,Financial Services,Shell Companies,"150 North Riverside Plaza, Chicago, IL, United States, 60606"
235,GDRX,Common Stock,"GoodRx Holdings, Inc",NASDAQ,USD,USA,Healthcare,Health Information Services,"2701 Olympic Boulevard, Santa Monica, CA, United States, 90404"
236,LSF,Common Stock,"Laird Superfood, Inc",NYSE MKT,USD,USA,Consumer Defensive,Packaged Foods,"275 West Lundgren Mill Drive, Sisters, OR, United States, 97759"
237,ASPL,Common Stock,Aspirational Consumer Lifestyle Corp,NYSE,USD,USA,Financial Services,Shell Companies,"1 Kim Seng Promenade, Singapore, Singapore, 237994"
238,BSY,Common Stock,"Bentley Systems, Incorporated",NASDAQ,USD,USA,Technology,Software-Application,"685 Stockton Drive, Exton, PA, United States, 19341"
239,FCAC,Common Stock,Falcon Capital Acquisition Corp,NASDAQ,USD,USA,Financial Services,Shell Companies,"660 Madison Avenue, New York, NY, United States, 10065"
240,PMVC,Common Stock,PMV Consumer Acquisition Corp,NYSE,USD,USA,Financial Services,Shell Companies,"249 Royal Palm Way, Palm Beach, FL, United States, 33480"
241,CMPS,Common Stock,COMPASS Pathways plc,NASDAQ,USD,USA,Other,Other,"1 Ashley Road, Altrincham, United Kingdom, WA14 2DT"
242,AHAC,Common Stock,Alpha Healthcare Acquisition Corp,NASDAQ,USD,USA,Financial Services,Shell Companies,"1177 Avenue of The Americas, New York, NY, United States, 10036"
243,U,Common Stock,Unity Software Inc,NYSE,USD,USA,Other,Other,"30 3rd Street, San Francisco, CA, United States, 94103-3104"
244,VTRU,Common Stock,Vitru Limited,NASDAQ,USD,USA,Consumer Defensive,Education & Training Services,None
245,ATHA,Common Stock,"Athira Pharma, Inc",NASDAQ,USD,USA,Healthcare,Biotechnology,"4000 Mason Road, Seattle, WA, United States, 98195-2141"
246,NMMC,Common Stock,North Mountain Merger Corp,NASDAQ,USD,USA,Financial Services,Shell Companies,"767 Fifth Avenue, New York, NY, United States, 10153"
247,STWO,Common Stock,ACON S2 Acquisition Corp,NASDAQ,USD,USA,Financial Services,Shell Companies,"1133 Connecticut Avenue NW, Washington, DC, United States, 20036"
248,DYN,Common Stock,"Dyne Therapeutics, Inc",NYSE,USD,USA,Other,Other,"830 Winter Street, Waltham, MA, United States, 02451"
249,AMWL,Common Stock,American Well Corporation,NYSE,USD,USA,Healthcare,Health Information Services,"75 State Street, Boston, MA, United States, 02109"
250,SUMO,Common Stock,"Sumo Logic, Inc",NASDAQ,USD,USA,Technology,Software-Application,"305 Main Street, Redwood City, CA, United States, 94063"
251,OACB,Common Stock,Oaktree Acquisition Corp. II,NYSE,USD,USA,Financial Services,Shell Companies,"333 South Grand Avenue, Los Angeles, CA, United States, 90071"
252,PTVE,Common Stock,Pactiv Evergreen Inc,NASDAQ,USD,USA,,,"1900 West Field Court, Lake Forest, IL, United States, 60045"
253,RTP,Common Stock,Reinvent Technology Partners,NYSE,USD,USA,Financial Services,Shell Companies,"215 Park Avenue, New York, NY, United States, 10003"
254,BNL,Common Stock,"Broadstone Net Lease, Inc",NYSE,USD,USA,Real Estate,REIT-Diversified,"800 Clinton Square, Rochester, NY, United States, 14604"
255,EQD,Common Stock,Equity Distribution Acquisition Corp,NYSE,USD,USA,Financial Services,Shell Companies,"Two North Riverside Plaza,, Chicago, IL, United States, 60606"
256,STEP,Common Stock,StepStone Group Inc,NASDAQ,USD,USA,Financial Services,Asset Management,"450 Lexington Avenue, New York, NY, United States, 10017"
257,SNOW,Common Stock,Snowflake Inc,NYSE,USD,USA,Other,Other,"450 Concar Drive, San Mateo, CA, United States, 94402"
258,ENPC,Common Stock,Executive Network Partnering Corporation,NYSE,USD,USA,Financial Services,Shell Companies,"137 Newbury Street, Boston, MA, United States, 02116"
259,MTCR,Common Stock,"Metacrine, Inc",NASDAQ,USD,USA,Healthcare,Biotechnology,"3985 Sorrento Valley Boulevard, San Diego, CA, United States, 92121"
260,FROG,Common Stock,JFrog Ltd,NASDAQ,USD,USA,Technology,Software-Application,"270 East Caribbean Drive, Sunnyvale, CA, United States, 94089"
261,SBG,Common Stock,Sandbridge Acquisition Corporation,NYSE,USD,USA,Financial Services,Shell Companies,"1999 Avenue Of The Stars, Los Angeles, CA, United States, 90067"
262,OM,Common Stock,"Outset Medical, Inc",NASDAQ,USD,USA,Healthcare,Medical Devices,"3052 Orchard Drive, San Jose, CA, United States, 95134"
263,SAII,Common Stock,Software Acquisition Group Inc. II,NASDAQ,USD,USA,Financial Services,Shell Companies,"1980 Festival Plaza Drive, Las Vegas, NV, United States, 89135"
264,SNPR,Common Stock,Tortoise Acquisition Corp. II,NYSE,USD,USA,Financial Services,Shell Companies,"5100 West 115Th Place, Leawood, KS, United States, 66211"
265,TWCT,Common Stock,TWC Tech Holdings II Corp,NASDAQ,USD,USA,Financial Services,Shell Companies,"Four Embarcadero Center, San Francisco, CA, United States, 94111"
266,LEAP,Common Stock,"Ribbit LEAP, Ltd",NYSE,USD,USA,Financial Services,Shell Companies,"364 University Avenue, Palo Alto, CA, United States, 94301"
267,LSPD,Common Stock,Lightspeed POS Inc,NYSE,USD,USA,Technology,Software-Application,"700 Saint-Antoine Street East, Montreal, QC, Canada, H2Y 1A6"
268,BSN,Common Stock,Broadstone Acquisition Corp,NYSE,USD,USA,Financial Services,Shell Companies,"7 Portman Mews South, London, United Kingdom, W1H 6AY"
269,SVAC,Common Stock,Starboard Value Acquisition Corp,NASDAQ,USD,USA,Financial Services,Shell Companies,"777 Third Avenue, New York, NY, United States, 10017"
270,PIAI,Common Stock,Prime Impact Acquisition I,NYSE,USD,USA,Financial Services,Shell Companies,"123 East San Carlos Street, San Jose, CA, United States, 95112"
271,NSH,Common Stock,"NavSight Holdings, Inc",NYSE,USD,USA,Financial Services,Shell Companies,"12020 Sunrise Valley Drive, Reston, VA, United States, 20191"
272,CRHC,Common Stock,Cohn Robbins Holdings Corp,NYSE,USD,USA,Financial Services,Shell Companies,"1000 North West Street, Wilmington, DE, United States, 19801"
273,ITAC,Common Stock,"Industrial Tech Acquisitions, Inc",NASDAQ,USD,USA,Financial Services,Shell Companies,"5090 Richmond Avenue, Houston, TX, United States, 77056"
274,TWND,Common Stock,Tailwind Acquisition Corp,NYSE,USD,USA,Financial Services,Shell Companies,"1545 Courtney Avenue, Los Angeles, CA, United States, 90046"
275,CAPA,Common Stock,HighCape Capital Acquisition Corp,OTCMKTS,USD,USA,Other,Other,"452 Fifth Avenue, New York, NY, United States, 10018"
276,BCTG,Common Stock,BCTG Acquisition Corp,NASDAQ,USD,USA,Financial Services,Shell Companies,"11682 El Camino Real, San Diego, CA, United States, 92130"
277,CMLF,Common Stock,"CM Life Sciences, Inc",NASDAQ,USD,USA,Financial Services,Shell Companies,"667 Madison Avenue, New York, NY, United States, 10065"
278,PRFX,Common Stock,PainReform Ltd,NASDAQ,USD,USA,Healthcare,Drug Manufacturers-Specialty & Generic,"60C Medinat Hayehudim Street, Herzliya, Israel, 4676670"
279,AUVI,Common Stock,"Applied UV, Inc",NASDAQ,USD,USA,Consumer Cyclical,"Furnishings, Fixtures & Appliances","150 N. Macquesten Parkway, Mount Vernon, NY, United States, 10550"
280,HCDI,Common Stock,"Harbor Custom Development, Inc",NASDAQ,USD,USA,Real Estate,Real Estate-Development,"11505 Burnham Drive, Gig Harbor, WA, United States, 98332"
281,GP,Common Stock,GreenPower Motor Company Inc,NASDAQ,USD,USA,Consumer Cyclical,Auto Manufacturers,"209 Carrall Street, Vancouver, BC, Canada, V6B 2J2"
282,XPEV,Common Stock,XPeng Inc,NYSE,USD,USA,Consumer Cyclical,Auto Manufacturers,"No. 8 Songgang Road, Guangzhou, China, 510640"
283,BTAQ,Common Stock,Burgundy Technology Acquisition Corporation,NASDAQ,USD,USA,Financial Services,Shell Companies,"PO Box 1093, George Town, Cayman Islands, KY1-1104"
284,FTOC,Common Stock,FTAC Olympus Acquisition Corp,NASDAQ,USD,USA,Financial Services,Shell Companies,"2929 Arch Street, Philadelphia, PA, United States, 19104"
285,CLA,Common Stock,Colonnade Acquisition Corp,NYSE,USD,USA,Financial Services,Shell Companies,"1400 Centrepark Boulevard, West Palm Beach, FL, United States, 33401"
286,FST,Common Stock,FAST Acquisition Corp,NYSE,USD,USA,Financial Services,Shell Companies,"3 Minetta Street, New York, NY, United States, 10012"
287,KYMR,Common Stock,"Kymera Therapeutics, Inc",NASDAQ,USD,USA,Healthcare,Biotechnology,"200 Arsenal Yards Boulevard, Watertown, MA, United States, 02472"
288,HZAC,Common Stock,Horizon Acquisition Corporation,NYSE,USD,USA,Financial Services,Shell Companies,"600 Steamboat Road, Greenwich, CT, United States, 06830"
289,NNOX,Common Stock,Nano-X Imaging Ltd,NASDAQ,USD,USA,Healthcare,Medical Devices,"Communications Center, Neve Ilan, Israel, 9085000"
290,HRMY,Common Stock,"Harmony Biosciences Holdings, Inc",NASDAQ,USD,USA,Healthcare,Biotechnology,"630 West Germantown Pike, Plymouth Meeting, PA, United States, 19462"
291,INBX,Common Stock,"Inhibrx, Inc",NASDAQ,USD,USA,Healthcare,Biotechnology,"11025 North Torrey Pines Road, La Jolla, CA, United States, 92037"
292,BFT,Common Stock,Foley Trasimene Acquisition Corp. II,NYSE,USD,USA,Financial Services,Shell Companies,"1701 Village Center Circle, Las Vegas, NV, United States, 89134"
293,STPK,Common Stock,Star Peak Energy Transition Corp,NYSE,USD,USA,Financial Services,Shell Companies,"1603 Orrington Avenue, Evanston, IL, United States, 60201"
294,FIII,Common Stock,Forum Merger III Corporation,NASDAQ,USD,USA,Financial Services,Shell Companies,"1615 South Congress Avenue, Delray Beach, FL, United States, 33445"
295,AONE,Common Stock,One,NYSE,USD,USA,Financial Services,Shell Companies,"16 Funston Avenue, San Francisco, CA, United States, 94129"
296,NGA,Common Stock,Northern Genesis Acquisition Corp,NYSE,USD,USA,Financial Services,Shell Companies,"4801 Main Street, Kansas City, MO, United States, 64112"
297,LCAP,Common Stock,Lionheart Acquisition Corporation II,NASDAQ,USD,USA,Financial Services,Shell Companies,"4218 NE 2nd Avenue, Miami, FL, United States, 33137"
298,CVAC,Common Stock,CureVac N.V,NASDAQ,USD,USA,Healthcare,Biotechnology,None
299,DGNR,Common Stock,Dragoneer Growth Opportunities Corp,NYSE,USD,USA,Financial Services,Shell Companies,"Building D, San Francisco, CA, United States, 94129"
300,DMYD,Common Stock,"dMY Technology Group, Inc. II",NYSE,USD,USA,Financial Services,Shell Companies,"1180 North Town Center Drive, Las Vegas, NV, United States, 89144"
301,DCT,Common Stock,"Duck Creek Technologies, Inc",NASDAQ,USD,USA,Technology,Software-Application,"22 Boston Wharf Road, Boston, MA, United States, 02210"
302,NTST,Common Stock,NETSTREIT Corp,NYSE,USD,USA,Real Estate,REIT-Retail,"5910 North Central Expressway, Dallas, TX, United States, 75206"
303,BEKE,Common Stock,KE Holdings Inc,NYSE,USD,USA,Real Estate,Real Estate Services,"Building Fudao, Beijing, China, 100085"
304,RBAC,Common Stock,RedBall Acquisition Corp,NYSE,USD,USA,Financial Services,Shell Companies,"667 Madison Avenue, New York, NY, United States, 10065"
305,FAII,Common Stock,Fortress Value Acquisition Corp. II,NYSE,USD,USA,Financial Services,Shell Companies,"1345 Avenue of the Americas, New York, NY, United States, 10105"
306,KBNT,Common Stock,"Kubient, Inc",NASDAQ,USD,USA,Technology,Software-Application,"228 Park Avenue South, New York, NY, United States, 10003-1502"
307,VMAC,Common Stock,Vistas Media Acquisition Company Inc,NASDAQ,USD,USA,Financial Services,Shell Companies,"30 Wall Street, New York, NY, United States, 10005"
308,ARYA,Common Stock,ARYA Sciences Acquisition Corp III,NASDAQ,USD,USA,Financial Services,Shell Companies,"51 Astor Place, New York, NY, United States, 10003"
309,CMPI,Common Stock,"Checkmate Pharmaceuticals, Inc",NASDAQ,USD,USA,Healthcare,Biotechnology,"245 Main Street, Cambridge, MA, United States, 02142"
310,FRLN,Common Stock,Freeline Therapeutics Holdings plc,NASDAQ,USD,USA,Healthcare,Biotechnology,"Stevenage Bioscience Catalyst, Stevenage, United Kingdom, SG1 2FX"
311,IBEX,Common Stock,IBEX Limited,NASDAQ,USD,USA,Technology,Software-Application,"1700 Pennsylvania Avenue NW, Washington, DC, United States, 20006"
312,KSMT,Common Stock,Kismet Acquisition One Corp,NASDAQ,USD,USA,Financial Services,Shell Companies,"9 Building B, Moscow, Russia, 125196"
313,GRSV,Common Stock,"Gores Holdings V, Inc",NASDAQ,USD,USA,Financial Services,Shell Companies,"9800 Wilshire Boulevard, Beverly Hills, CA, United States, 90212"
314,AFIB,Common Stock,"Acutus Medical, Inc",NASDAQ,USD,USA,Healthcare,Medical Devices,"2210 Faraday Avenue, Carlsbad, CA, United States, 92008"
315,RKT,Common Stock,"Rocket Companies, Inc",NYSE,USD,USA,Financial Services,Mortgage Finance,"1050 Woodward Avenue, Detroit, MI, United States, 48226"
316,OSH,Common Stock,"Oak Street Health, Inc",NYSE,USD,USA,Healthcare,Medical Care Facilities,"30 West Monroe Street, Chicago, IL, United States, 60603"
317,RXT,Common Stock,"Rackspace Technology, Inc",NASDAQ,USD,USA,Technology,Software-Infrastructure,"1 Fanatical Place, San Antonio, TX, United States, 78218"
318,BOWX,Common Stock,BowX Acquisition Corp,NASDAQ,USD,USA,Financial Services,Shell Companies,"2400 Sand Hill Road, Menlo Park, CA, United States, 94025"
319,BIGC,Common Stock,"BigCommerce Holdings, Inc",NASDAQ,USD,USA,Technology,Software-Application,"11305 Four Points Drive, Austin, TX, United States, 78726"
320,HOL,Common Stock,Holicity Inc,NASDAQ,USD,USA,Financial Services,Shell Companies,"2300 Carillon Point, Kirkland, WA, United States, 98033"
321,GOAC,Common Stock,GO Acquisition Corp,NYSE,USD,USA,Financial Services,Shell Companies,"450 West 14Th Street, New York, NY, United States, 10014"
322,YAC,Common Stock,Yucaipa Acquisition Corporation,NYSE,USD,USA,Financial Services,Shell Companies,"9130 West Sunset Boulevard, Los Angeles, CA, United States, 90069"
323,HSAQ,Common Stock,Health Sciences Acquisitions Corporation 2,NASDAQ,USD,USA,Financial Services,Shell Companies,"40,10th Avenue, New York, NY, United States, 10014"
324,VITL,Common Stock,"Vital Farms, Inc",NASDAQ,USD,USA,Consumer Defensive,Farm Products,"3601 South Congress Avenue, Austin, TX, United States, 78704"
325,FTHM,Common Stock,Fathom Holdings Inc,NASDAQ,USD,USA,Real Estate,Real Estate Services,"211 New Edition Court, Cary, NC, United States, 27511"
326,ETAC,Common Stock,E.Merge Technology Acquisition Corp,NASDAQ,USD,USA,Financial Services,Shell Companies,"533 Airport Boulevard, Burlingame, CA, United States, 94010"
327,NHIC,Common Stock,NewHold Investment Corp,NASDAQ,USD,USA,Financial Services,Shell Companies,"950 McCarty Street, Houston, TX, United States, 77029"
328,VSTA,Common Stock,Vasta Platform Limited,NASDAQ,USD,USA,Consumer Defensive,Education & Training Services,None
329,PRPB,Common Stock,CC Neuberger Principal Holdings II,NYSE,USD,USA,Financial Services,Shell Companies,"200 Park Avenue, New York, NY, United States, 10166"
330,GOED,Common Stock,1847 Goedeker Inc,NYSE MKT,USD,USA,Consumer Cyclical,Internet Retail,"13850 Manchester Road, Ballwin, MO, United States, 63011"
331,CCIV,Common Stock,Churchill Capital Corp IV,NYSE,USD,USA,Financial Services,Shell Companies,"640 Fifth Avenue, New York, NY, United States, 10019"
332,LI,Common Stock,Li Auto Inc,NASDAQ,USD,USA,Consumer Cyclical,Auto Manufacturers,"11 Wenliang Street, Beijing, China, 101399"
333,ALVR,Common Stock,"AlloVir, Inc",NASDAQ,USD,USA,Healthcare,Biotechnology,"139 Main Street, Cambridge, MA, United States, 02142"
334,VERX,Common Stock,"Vertex, Inc",NASDAQ,USD,USA,Technology,Software-Application,"2301 Renaissance Boulevard, King of Prussia, PA, United States, 19406"
335,ACEV,Common Stock,ACE Convergence Acquisition Corp,NASDAQ,USD,USA,Financial Services,Shell Companies,"1013 Centre Road, Wilmington, DE, United States, 19805"
336,ITOS,Common Stock,"iTeos Therapeutics, Inc",NASDAQ,USD,USA,Healthcare,Biotechnology,"139 Main Street, Cambridge, MA, United States, 02142"
337,INZY,Common Stock,"Inozyme Pharma, Inc",NASDAQ,USD,USA,Healthcare,Biotechnology,"321 Summer Street, Boston, MA, United States, 02210"
338,ACND,Common Stock,Ascendant Digital Acquisition Corp,NYSE,USD,USA,Financial Services,Shell Companies,"667 Madison Avenue, New York, NY, United States, 10065"
339,ANNX,Common Stock,"Annexon, Inc",NASDAQ,USD,USA,Healthcare,Biotechnology,"180 Kimball Way, South San Francisco, CA, United States, 94080"
340,GRCY,Common Stock,Greencity Acquisition Corporation,NASDAQ,USD,USA,Financial Services,Shell Companies,"505 Eshan Road, Shanghai, China, 200120"
341,NRIX,Common Stock,"Nurix Therapeutics, Inc",NASDAQ,USD,USA,Healthcare,Biotechnology,"1700 Owens Street, San Francisco, CA, United States, 94158"
342,EDTK,Common Stock,Skillful Craftsman Education Technology Limited,NASDAQ,USD,USA,Consumer Defensive,Education & Training Services,"Building 1, Wuxi, China, 214000"
343,ERES,Common Stock,East Resources Acquisition Company,NASDAQ,USD,USA,Other,Other,"7777 NW Beacon Square Boulevard, Boca Raton, FL, United States, 33487"
344,MEG,Common Stock,"Montrose Environmental Group, Inc",NYSE,USD,USA,Industrials,Waste Management,"1 Park Plaza, Irvine, CA, United States, 92614"
345,PSAC,Common Stock,Property Solutions Acquisition Corp,NASDAQ,USD,USA,Financial Services,Shell Companies,"654 Madison Avenue, New York, NY, United States, 10065"
346,PSTH,Common Stock,"Pershing Square Tontine Holdings, Ltd",NYSE,USD,USA,Financial Services,Shell Companies,"787 Eleventh Avenue, New York, NY, United States, 10019"
347,JAMF,Common Stock,Jamf Holding Corp,NASDAQ,USD,USA,Technology,Software-Application,"100 Washington Avenue South, Minneapolis, MN, United States, 55401"
348,ALXO,Common Stock,ALX Oncology Holdings Inc,NASDAQ,USD,USA,Healthcare,Biotechnology,"866 Malcolm Road, Burlingame, CA, United States, 94010"
349,RNLX,Common Stock,Renalytix AI plc,NASDAQ,USD,USA,Healthcare,Diagnostics & Research,"Avon House, Cardiff, United Kingdom, CF64 2EZ"
350,DFHT,Common Stock,Deerfield Healthcare Technology Acquisitions Corp,NASDAQ,USD,USA,Financial Services,Shell Companies,"345 Park Avenue South, New York, NY, United States, 10010"
351,BLI,Common Stock,"Berkeley Lights, Inc",NASDAQ,USD,USA,Healthcare,Biotechnology,"5858 Horton Street, EmeryVille, CA, United States, 94608"
352,PAND,Common Stock,"Pandion Therapeutics, Inc",NASDAQ,USD,USA,Healthcare,Biotechnology,"134 Coolidge Avenue, Watertown, MA, United States, 02472"
353,TIG,Common Stock,"Trean Insurance Group, Inc",NASDAQ,USD,USA,Financial Services,Insurance-Specialty,"150 Lake Street West, Wayzata, MN, United States, 55391"
354,RLAY,Common Stock,"Relay Therapeutics, Inc",NASDAQ,USD,USA,Healthcare,Biotechnology,"399 Binney Street, Cambridge, MA, United States, 02139"
355,GOCO,Common Stock,"GoHealth, Inc",NASDAQ,USD,USA,Financial Services,Insurance Brokers,"214 West Huron Street, Chicago, IL, United States, 60654"
356,MLAC,Common Stock,Malacca Straits Acquisition Company Limited,NASDAQ,USD,USA,Financial Services,Shell Companies,"St. George?s Building, Central, Hong Kong"
357,DEH,Common Stock,D8 Holdings Corp,NYSE,USD,USA,Financial Services,Shell Companies,"Champion Tower, Central, Hong Kong"
358,HPX,Common Stock,HPX Corp,NYSE,USD,USA,Financial Services,Shell Companies,"1000 North West Street, Wilmington, DE, United States, 19801"
359,AACQ,Common Stock,Artius Acquisition Inc,NASDAQ,USD,USA,Financial Services,Shell Companies,"3 Columbus Circle, New York, NY, United States, 10019"
360,NCNO,Common Stock,"nCino, Inc",NASDAQ,USD,USA,Technology,Software-Application,"6770 Parker Farm Drive, Wilmington, NC, United States, 28405"
361,PTK,Common Stock,PTK Acquisition Corp,NYSE MKT,USD,USA,Financial Services,Shell Companies,"4601 Wilshire Boulevard, Los Angeles, CA, United States, 90010"
362,PSTX,Common Stock,"Poseida Therapeutics, Inc",NASDAQ,USD,USA,Healthcare,Biotechnology,"9390 Towne Centre Drive, San Diego, CA, United States, 92121"
363,NKTX,Common Stock,"Nkarta, Inc",NASDAQ,USD,USA,Healthcare,Biotechnology,"6000 Shoreline Court, South San Francisco, CA, United States, 94080"
364,QH,Common Stock,Quhuo Limited,NASDAQ,USD,USA,Technology,Software-Application,"Tonghui Building, Beijing, China"
365,IVA,Common Stock,Inventiva S.A,NASDAQ,USD,USA,Healthcare,Biotechnology,"50 rue de Dijon, Daix, France, 21121"
366,BLCT,Common Stock,BlueCity Holdings Limited,NASDAQ,USD,USA,Communication Services,Internet Content & Information,"No 22 Pingguo Shequ, Beijing, China, 100022"
367,RACA,Common Stock,Therapeutics Acquisition Corp,NASDAQ,USD,USA,Financial Services,Shell Companies,"200 Berkeley Street, Boston, MA, United States, 02116"
368,LMND,Common Stock,"Lemonade, Inc",NYSE,USD,USA,Financial Services,Insurance-Property & Casualty,"5 Crosby Street, New York, NY, United States, 10013"
369,CPSR,Common Stock,Capstar Special Purpose Acquisition Corp,NYSE,USD,USA,Financial Services,Shell Companies,"405 West 14Th Street, Austin, TX, United States, 78701"
370,ACCD,Common Stock,"Accolade, Inc",NASDAQ,USD,USA,Healthcare,Health Information Services,"660 West Germantown Pike, Plymouth Meeting, PA, United States, 19462"
371,DNB,Common Stock,"Dun & Bradstreet Holdings, Inc",NYSE,USD,USA,Technology,Information Technology Services,"101 JFK Parkway, Short Hills, NJ, United States, 07078"
372,GSAH,Common Stock,GS Acquisition Holdings Corp II,NYSE,USD,USA,Financial Services,Shell Companies,"200 West Street, New York, NY, United States, 10282"
373,ADTX,Common Stock,"ADiTx Therapeutics, Inc",NASDAQ,USD,USA,Healthcare,Biotechnology,"2569 Wyandotte Street, Mountain View, CA, United States, 94043"
374,API,Common Stock,"Agora, Inc",NYSE,USD,USA,Technology,Software-Application,"Building 12, Shanghai, China"
375,ACI,Common Stock,"Albertsons Companies, Inc",NYSE,USD,USA,Consumer Defensive,Grocery Stores,"250 Parkcenter Boulevard, Boise, ID, United States, 83706"
376,FUSE,Common Stock,Fusion Acquisition Corp,NYSE,USD,USA,Financial Services,Shell Companies,"375 Park Avenue, New York, NY, United States, 10152"
377,PYPD,Common Stock,PolyPid Ltd,NASDAQ,USD,USA,Healthcare,Biotechnology,"18 Hasivim Street, Petah Tikva, Israel, 4959376"
378,EBON,Common Stock,Ebang International Holdings Inc,NASDAQ,USD,USA,Technology,Computer Hardware,"Xinbei Qianjiang International Building, Hangzhou, China, 311100"
379,FUSN,Common Stock,Fusion Pharmaceuticals Inc,NASDAQ,USD,USA,Healthcare,Biotechnology,"270 Longwood Road South, Hamilton, ON, Canada, L8P 0A6"
380,AKUS,Common Stock,"Akouos, Inc",NASDAQ,USD,USA,Healthcare,Biotechnology,"645 Summer Street, Boston, MA, United States, 02210"
381,BRLI,Common Stock,Brilliant Acquisition Corporation,NASDAQ,USD,USA,Financial Services,Shell Companies,"99 Dan Ba Road C-9, Shanghai, China, 200062"
382,GTH,Common Stock,Genetron Holdings Limited,NASDAQ,USD,USA,Healthcare,Diagnostics & Research,"Building 11, Beijing, China, 102206"
383,NUZE,Common Stock,"NuZee, Inc",NASDAQ,USD,USA,Consumer Defensive,Packaged Foods,"1401 Capital Avenue, Plano, TX, United States, 75074"
384,RPTX,Common Stock,Repare Therapeutics Inc,NASDAQ,USD,USA,Healthcare,Biotechnology,"7210 Frederick-Banting, Montreal, QC, Canada, H4S 2A1"
385,PROG,Common Stock,"Progenity, Inc",NASDAQ,USD,USA,Healthcare,Biotechnology,"4330 La Jolla Village Drive, San Diego, CA, United States, 92122"
386,FMTX,Common Stock,"Forma Therapeutics Holdings, Inc",NASDAQ,USD,USA,Healthcare,Biotechnology,"500 Arsenal Street, Watertown, MA, United States, 02472"
387,TREB,Common Stock,Trebia Acquisition Corp,NYSE,USD,USA,Financial Services,Shell Companies,"41 Madison Avenue, New York, NY, United States, 10010"
388,RPRX,Common Stock,Royalty Pharma plc,NASDAQ,USD,USA,Healthcare,Biotechnology,"110 East 59th Street, New York, NY, United States, 10022"
389,BNR,Common Stock,Burning Rock Biotech Limited,NASDAQ,USD,USA,Healthcare,Diagnostics & Research,"Building 3, Standard Industrial Unit 2, Guangzhou, China, 510300"
390,AZEK,Common Stock,The AZEK Company Inc,NYSE,USD,USA,Industrials,Building Products & Equipment,"1330 West Fulton Street, Chicago, IL, United States, 60607"
391,PCVX,Common Stock,"Vaxcyte, Inc",NASDAQ,USD,USA,Healthcare,Biotechnology,"353 Hatch Drive, Foster City, CA, United States, 94404"
392,RNA,Common Stock,"Avidity Biosciences, Inc",NASDAQ,USD,USA,Healthcare,Biotechnology,"10975 North Torrey Pines Road, La Jolla, CA, United States, 92037"
393,GBIO,Common Stock,Generation Bio Co,NASDAQ,USD,USA,Healthcare,Biotechnology,"301 Binney Street, Cambridge, MA, United States, 02142"
394,LTRN,Common Stock,Lantern Pharma Inc,NASDAQ,USD,USA,Healthcare,Biotechnology,"1920 McKinney Avenue, Dallas, TX, United States, 75201"
395,UCL,Common Stock,uCloudlink Group Inc,NASDAQ,USD,USA,Communication Services,Telecom Services,"One Pacific Centre, Kowloon, Hong Kong"
396,HEC,Common Stock,Hudson Executive Investment Corp,NASDAQ,USD,USA,Financial Services,Shell Companies,"570 Lexington Avenue, New York, NY, United States, 10022"
397,VRM,Common Stock,"Vroom, Inc",NASDAQ,USD,USA,Consumer Cyclical,Auto & Truck Dealerships,"1375 Broadway, New York, NY, United States, 10018"
398,LEGN,Common Stock,Legend Biotech Corporation,NASDAQ,USD,USA,Healthcare,Biotechnology,"2101 Cottontail Lane, Somerset, NJ, United States, 08873"
399,AMTI,Common Stock,Applied Molecular Transport Inc,NASDAQ,USD,USA,Healthcare,Biotechnology,"1 Tower Place, South San Francisco, CA, United States, 94080"
400,CALT,Common Stock,Calliditas Therapeutics AB (publ),NASDAQ,USD,USA,Healthcare,Drug Manufacturers-Specialty & Generic,"Kungsbron 1, C8, Stockholm, Sweden, 111 22"
401,FOUR,Common Stock,"Shift4 Payments, Inc",NYSE,USD,USA,Technology,Software-Infrastructure,"2202 North Irving Street, Allentown, PA, United States, 18109"
402,ARYB,Common Stock,ARYA Sciences Acquisition Corp II,NASDAQ,USD,USA,Financial Services,Shell Companies,"51 Astor Place, New York, NY, United States, 10003"
403,DADA,Common Stock,Dada Nexus Limited,NASDAQ,USD,USA,Consumer Cyclical,Internet Retail,"Oriental Fisherman?s Wharf, Shanghai, China, 200082"
404,ZI,Common Stock,ZoomInfo Technologies Inc,NASDAQ,USD,USA,Technology,Software-Application,"805 Broadway Street, Vancouver, WA, United States, 98660"
405,WMG,Common Stock,Warner Music Group Corp,NASDAQ,USD,USA,Communication Services,Entertainment,"1633 Broadway, New York, NY, United States, 10019"
406,PLRX,Common Stock,"Pliant Therapeutics, Inc",NASDAQ,USD,USA,Healthcare,Biotechnology,"260 Littlefield Avenue, South San Francisco, CA, United States, 94080"
407,WPF,Common Stock,Foley Trasimene Acquisition Corp,NYSE,USD,USA,Financial Services,Shell Companies,"1701 Village Center Circle, Las Vegas, NV, United States, 89134"
408,NARI,Common Stock,"Inari Medical, Inc",NASDAQ,USD,USA,Healthcare,Medical Devices,"9 Parker, Irvine, CA, United States, 92618"
409,SLQT,Common Stock,"SelectQuote, Inc",NYSE,USD,USA,Financial Services,Insurance Brokers,"6800 West 115th Street, Overland Park, KS, United States, 66211"
410,ADCT,Common Stock,ADC Therapeutics SA,NYSE,USD,USA,Healthcare,Biotechnology,"Biopole, Epalinges, Switzerland, 1066"
411,GIK,Common Stock,"GigCapital3, Inc",NYSE,USD,USA,Financial Services,Shell Companies,"1731 Embarcadero Road, Palo Alto, CA, United States, 94303"
412,JWS,Common Stock,Jaws Acquisition Corp,NYSE,USD,USA,Financial Services,Shell Companies,"1601 Washington Avenue, Miami Beach, FL, United States, 33139"
413,CLEU,Common Stock,China Liberal Education Holdings Limited,NASDAQ,USD,USA,Consumer Defensive,Education & Training Services,"Zhongguangcun MOOC Times Building, Beijing, China, 100190"
414,KC,Common Stock,Kingsoft Cloud Holdings Limited,NASDAQ,USD,USA,Technology,Software-Application,"Kingsoft Tower, Beijing, China, 100085"
415,AYLA,Common Stock,"Ayala Pharmaceuticals, Inc",NASDAQ,USD,USA,Healthcare,Biotechnology,"Oppenheimer 4, Rehovot, Israel, 7670104"
416,SOAC,Common Stock,Sustainable Opportunities Acquisition Corp,NYSE,USD,USA,Financial Services,Shell Companies,"1601 Bryan Street, Dallas, TX, United States, 75201"
417,GAN,Common Stock,GAN Limited,PINK,USD,USA,Consumer Cyclical,Gambling,"400 Spectrum Center Drive, Irvine, CA, United States, 92618"
418,CGRO,Common Stock,Collective Growth Corporation,NASDAQ,USD,USA,Financial Services,Shell Companies,"1805 West Avenue, Austin, TX, United States, 78701"
419,LYRA,Common Stock,"Lyra Therapeutics, Inc",NASDAQ,USD,USA,Healthcare,Biotechnology,"480 Arsenal Way, Watertown, MA, United States, 02472"
420,ORIC,Common Stock,"ORIC Pharmaceuticals, Inc",NASDAQ,USD,USA,Healthcare,Biotechnology,"240 East Grand Avenue, South San Francisco, CA, United States, 94080"
421,CHAQ,Common Stock,Chardan Healthcare Acquisition 2 Corp,NYSE MKT,USD,USA,Financial Services,Shell Companies,"17 State Street, New York, NY, United States, 10004"
422,KROS,Common Stock,"Keros Therapeutics, Inc",NASDAQ,USD,USA,Healthcare,Biotechnology,"99 Hayden Avenue, Lexington, MA, United States, 02421"
423,ZNTL,Common Stock,"Zentalis Pharmaceuticals, Inc",NASDAQ,USD,USA,Healthcare,Biotechnology,"530 Seventh Avenue, New York, NY, United States, 10018"
424,WIMI,Common Stock,WiMi Hologram Cloud Inc,NASDAQ,USD,USA,Communication Services,Advertising Agencies,"No. 6, Xiaozhuang, #101A, Beijing, China, 100020"
425,IMRA,Common Stock,IMARA Inc,NASDAQ,USD,USA,Healthcare,Biotechnology,"116 Huntington Avenue, Boston, MA, United States, 02116"
426,DFPH,Common Stock,DFP Healthcare Acquisitions Corp,NASDAQ,USD,USA,Financial Services,Shell Companies,"780 Third Avenue, New York, NY, United States, 10017"
427,GFL,Common Stock,GFL Environmental Inc,NYSE,USD,USA,Industrials,Waste Management,"100 New Park Place, Vaughan, ON, Canada, L4K 0H9"
428,PASG,Common Stock,"Passage Bio, Inc",NASDAQ,USD,USA,Healthcare,Biotechnology,"Two Commerce Square, Philadelphia, PA, United States, 19103"
429,ZCMD,Common Stock,Zhongchao Inc,NASDAQ,USD,USA,Healthcare,Health Information Services,"Nanxi Creative Center, Shanghai, China, 200040"
430,ESSC,Common Stock,East Stone Acquisition Corporation,NASDAQ,USD,USA,Financial Services,Shell Companies,"25 Mall Road, Burlington, MA, United States, 01803"
431,NBAC,Common Stock,Newborn Acquisition Corp,NASDAQ,USD,USA,Financial Services,Shell Companies,"SOHO Square, Shanghai, China, 200002"
432,MEDS,Common Stock,"Trxade Group, Inc",NASDAQ,USD,USA,Healthcare,Pharmaceutical Retailers,"3840 Land O? Lakes Boulevard, Land O'Lakes, FL, United States, 34639"
433,ZGYH,Common Stock,Yunhong International,NASDAQ,USD,USA,Financial Services,Shell Companies,"126 Zhong Bei, Wuhan, China, 430061"
434,RVMD,Common Stock,"Revolution Medicines, Inc",NASDAQ,USD,USA,Healthcare,Biotechnology,"700 Saginaw Drive, Redwood City, CA, United States, 94063"
435,GRIL,Common Stock,"Muscle Maker, Inc",NASDAQ,USD,USA,Consumer Cyclical,Restaurants,"308 East Renfro Street, Burleson, TX, United States, 76028"
436,HUIZ,Common Stock,Huize Holding Limited,NASDAQ,USD,USA,Financial Services,Insurance Brokers,"Building 3-4, Shenzhen, China, 518052"
437,CCAC,Common Stock,CITIC Capital Acquisition Corp,NYSE,USD,USA,Financial Services,Shell Companies,"East Tower, Genesis Beijing, Beijing, China, 100027"
438,GNRS,Common Stock,Greenrose Acquisition Corp,NASDAQ,USD,USA,Financial Services,Shell Companies,"1000 Woodbury Road, Woodbury, NY, United States, 11797"
439,PFHD,Common Stock,Professional Holding Corp,NASDAQ,USD,USA,Financial Services,Banks-Regional,"396 Alhambra Circle, Coral Gables, FL, United States, 33134"
440,ONEW,Common Stock,OneWater Marine Inc,NASDAQ,USD,USA,Consumer Cyclical,Recreational Vehicles,"6275 Lanier Islands Parkway, Buford, GA, United States, 30518"
441,NREF,Common Stock,"NexPoint Real Estate Finance, Inc",NYSE,USD,USA,Real Estate,REIT-Diversified,"300 Crescent Court, Dallas, TX, United States, 75201"
442,SDGR,Common Stock,None,NASDAQ,USD,USA,Healthcare,Health Information Services,"120 West 45th Street, New York, NY, United States, 10036"
443,BEAM,Common Stock,Beam Therapeutics Inc,NASDAQ,USD,USA,Healthcare,Biotechnology,"26 Landsdowne Street, Cambridge, MA, United States, 02139"
444,CSPR,Common Stock,Casper Sleep Inc,NYSE,USD,USA,Consumer Cyclical,"Furnishings, Fixtures & Appliances","Three World Trade Center, New York, NY, United States, 10007"
445,PPD,Common Stock,"PPD, Inc",NASDAQ,USD,USA,Healthcare,Drug Manufacturers-Specialty & Generic,"929 North Front Street, Wilmington, NC, United States, 28401-3331"
446,ONEM,Common Stock,"1Life Healthcare, Inc",NASDAQ,USD,USA,Healthcare,Health Information Services,"One Embarcadero Center, San Francisco, CA, United States, 94111"
447,REYN,Common Stock,Reynolds Consumer Products Inc,NASDAQ,USD,USA,Consumer Cyclical,Packaging & Containers,"1900 West Field Court, Lake Forest, IL, United States, 60045"
448,ARQT,Common Stock,"Arcutis Biotherapeutics, Inc",NASDAQ,USD,USA,Healthcare,Biotechnology,"3027 Townsgate Road, Westlake Village, CA, United States, 91361"
449,ANPC,Common Stock,"AnPac Bio-Medical Science Co., Ltd",NASDAQ,USD,USA,Healthcare,Biotechnology,"801 Bixing Street, Lishui, China, 323006"
450,BDTX,Common Stock,"Black Diamond Therapeutics, Inc",NASDAQ,USD,USA,Healthcare,Biotechnology,"139 Main Street, Cambridge, MA, United States, 02142"
451,ANVS,Common Stock,"Annovis Bio, Inc",NYSE MKT,USD,USA,Healthcare,Biotechnology,"1055 Westlakes Drive, Berwyn, PA, United States, 19312"
452,SCVX,Common Stock,SCVX Corp,NYSE,USD,USA,Financial Services,Shell Companies,"1717 Pennsylvania Avenue NW, Washington, DC, United States, 20006"
453,GHIV,Common Stock,UWM Holdings Corporation,NASDAQ,USD,USA,Financial Services,Shell Companies,"585 South Boulevard East, Pontiac, MI, United States, 48341"
454,VEL,Common Stock,"Velocity Financial, Inc",NYSE,USD,USA,Financial Services,Mortgage Finance,"30699 Russell Ranch Road, Westlake Village, CA, United States, 91362"
455,IMAB,Common Stock,I-Mab,NASDAQ,USD,USA,Healthcare,Biotechnology,"West Tower, OmniVision, Shanghai, China, 201210"
456,LIZI,Common Stock,Lizhi Inc,NASDAQ,USD,USA,Communication Services,Internet Content & Information,"Yangcheng Creative Industry Zone, Guangzhou, China, 510655"
457,DNK,Common Stock,Phoenix Tree Holdings Limited,NYSE,USD,USA,Real Estate,Real Estate Services,"Chao Yang Shou Fu, Beijing, China, 100010"
458,MKD,Common Stock,Molecular Data Inc,NASDAQ,USD,USA,Basic Materials,Chemicals,"Building 12, Shanghai, China, 201109"
459,MNPR,Common Stock,Monopar Therapeutics Inc,NASDAQ,USD,USA,Healthcare,Biotechnology,"1000 Skokie Boulevard, Wilmette, IL, United States, 60091"
460,INDO,Common Stock,Indonesia Energy Corporation Limited,NYSE MKT,USD,USA,Energy,Oil & Gas E&P,"Dea Tower I, Jakarta, Indonesia, 12950"
461,CIIC,Common Stock,CIIG Merger Corp,NASDAQ,USD,USA,Financial Services,Shell Companies,"40 West 57th Street, New York, NY, United States, 10019"
462,SPT,Common Stock,"Sprout Social, Inc",NASDAQ,USD,USA,Technology,Software-Application,"131 South Dearborn Street, Chicago, IL, United States, 60603"
463,OCFT,Common Stock,"OneConnect Financial Technology Co., Ltd",NYSE,USD,USA,Technology,Software-Application,"Ping An Financial Center, Shenzhen, China"
464,BILL,Common Stock,"Bill.com Holdings, Inc",NYSE,USD,USA,Technology,Software-Application,"1800 Embarcadero Road, Palo Alto, CA, United States, 94303"
465,EH,Common Stock,EHang Holdings Limited,NASDAQ,USD,USA,Industrials,Aerospace & Defense,"Building C, Guangzhou, China, 510700"
466,XP,Common Stock,XP Inc,NASDAQ,USD,USA,Financial Services,Capital Markets,None
467,LIVK,Common Stock,LIV Capital Acquisition Corp,NASDAQ,USD,USA,Financial Services,Shell Companies,"Torre Virreyes, Mexico City, DF, Mexico, 11040"
468,LMPX,Common Stock,"LMP Automotive Holdings, Inc",NASDAQ,USD,USA,Consumer Cyclical,Auto & Truck Dealerships,"500 East Broward Boulevard, Fort Lauderdale, FL, United States, 33394"
469,ALUS,Common Stock,Alussa Energy Acquisition Corp,NYSE,USD,USA,Financial Services,Shell Companies,"71 Fort Street, Grand Cayman, Cayman Islands, KY1-1106"
470,CHPM,Common Stock,CHP Merger Corp,NASDAQ,USD,USA,Financial Services,Shell Companies,"25 Deforest Avenue, Summit, NJ, United States, 07901"
471,PINE,Common Stock,"Alpine Income Property Trust, Inc",NYSE,USD,USA,Real Estate,REIT-Diversified,"1140 North Williamson Boulevard, Daytona Beach, FL, United States, 32114"
472,SITM,Common Stock,SiTime Corporation,NASDAQ,USD,USA,Technology,Semiconductors,"5451 Patrick Henry Drive, Santa Clara, CA, United States, 95054"
473,CAN,Common Stock,Canaan Inc,NASDAQ,USD,USA,Technology,Computer Hardware,"Dicara Silver Tower, Hangzhou, China, 310016"
474,AMHC,Common Stock,Amplitude Healthcare Acquisition Corporation,NASDAQ,USD,USA,Financial Services,Shell Companies,"1177 Avenue of the Americas, New York, NY, United States, 10036"
475,GRNV,Common Stock,GreenVision Acquisition Corp,NASDAQ,USD,USA,Financial Services,Shell Companies,"One Penn Plaza, New York, NY, United States, 10019"
476,ETNB,Common Stock,"89bio, Inc",NASDAQ,USD,USA,Healthcare,Biotechnology,"142 Sansome Street, San Francisco, CA, United States, 94104"
477,SRAC,Common Stock,Stable Road Acquisition Corp,NASDAQ,USD,USA,Financial Services,Shell Companies,"1345 Abbot Kinney Boulevard, Venice, CA, United States, 90291"
478,KRKR,Common Stock,36Kr Holdings Inc,NASDAQ,USD,USA,Communication Services,Internet Content & Information,"Tower A1, Junhao Central Park Plaza, Beijing, China, 100026"
479,JIH,Common Stock,"Juniper Industrial Holdings, Inc",NYSE,USD,USA,Financial Services,Shell Companies,"14 Fairmount Avenue, Chatham, NJ, United States, 07928"
480,TELA,Common Stock,"TELA Bio, Inc",NASDAQ,USD,USA,Healthcare,Medical Devices,"1 Great Valley Parkway, Malvern, PA, United States, 19355"
481,CNSP,Common Stock,"CNS Pharmaceuticals, Inc",NASDAQ,USD,USA,Healthcare,Biotechnology,"2100 West Loop South, Houston, TX, United States, 77027"
482,MOHO,Common Stock,ECMOHO Limited,NASDAQ,USD,USA,Consumer Cyclical,Specialty Retail,"Xuhuiyuan Business Building, Shanghai, China, 200030"
483,CNTG,Common Stock,Centogene N.V,NASDAQ,USD,USA,Healthcare,Diagnostics & Research,"Am Strande 7, Rostock, Germany, 18055"
484,DFNS,Common Stock,LGL Systems Acquisition Corp,NYSE,USD,USA,Financial Services,Shell Companies,"165 West Liberty Street, Reno, NV, United States, 89501"
485,GRTX,Common Stock,"Galera Therapeutics, Inc",NASDAQ,USD,USA,Healthcare,Biotechnology,"2 West Liberty Boulevard, Malvern, PA, United States, 19355"
486,SI,Common Stock,Silvergate Capital Corporation,NYSE,USD,USA,Financial Services,Banks-Regional,"4250 Executive Square, La Jolla, CA, United States, 92037"
487,MCMJ,Common Stock,Merida Merger Corp. I,NASDAQ,USD,USA,Financial Services,Shell Companies,"641 Lexington Avenue, New York, NY, United States, 10022"
488,QK,Common Stock,Q&K International Group Limited,NASDAQ,USD,USA,Real Estate,Real Estate Services,"Building A, Shanghai, China, 200032"
489,DUO,Common Stock,Fangdd Network Group Ltd,NASDAQ,USD,USA,Real Estate,Real Estate Services,"Unit B2, Kexing Science Park, Shenzhen, China, 518057"
490,FSRV,Common Stock,FinServ Acquisition Corp,NASDAQ,USD,USA,Financial Services,Shell Companies,"1345 Avenue of the Americas, New York, NY, United States, 10105"
491,SFTW,Common Stock,Osprey Technology Acquisition Corp,NYSE,USD,USA,Financial Services,Shell Companies,"1845 Walnut Street, Philadelphia, PA, United States, 19103"
492,RAPT,Common Stock,"RAPT Therapeutics, Inc",NASDAQ,USD,USA,Healthcare,Biotechnology,"561 Eccles Avenue, South San Francisco, CA, United States, 94080"
493,OYST,Common Stock,"Oyster Point Pharma, Inc",NASDAQ,USD,USA,Healthcare,Biotechnology,"202 Carnegie Center, Princeton, NJ, United States, 08540"
494,PHAT,Common Stock,"Phathom Pharmaceuticals, Inc",NASDAQ,USD,USA,Healthcare,Biotechnology,"100 Campus Drive, Florham Park, NJ, United States, 07932"
495,PGNY,Common Stock,"Progyny, Inc",NASDAQ,USD,USA,Healthcare,Health Information Services,"1359 Broadway, New York, NY, United States, 10018"
496,TFFP,Common Stock,"TFF Pharmaceuticals, Inc",NASDAQ,USD,USA,Healthcare,Biotechnology,"2600 Via Fortuna, Austin, TX, United States, 78746"
497,DAO,Common Stock,"Youdao, Inc",NYSE,USD,USA,Communication Services,Internet Content & Information,"No. 399, Wangshang Road, Hangzhou, China, 310051"
498,AIH,Common Stock,Aesthetic Medical International Holdings Group Limited,NASDAQ,USD,USA,Healthcare,Medical Care Facilities,"1122 Nanshan Boulevard, Shenzhen, China, 518052"
499,CABA,Common Stock,"Cabaletta Bio, Inc",NASDAQ,USD,USA,Healthcare,Biotechnology,"2929 Arch Street, Philadelphia, PA, United States, 19104"
500,HAPP,Common Stock,Happiness Biotech Group Limited,NASDAQ,USD,USA,Healthcare,Drug Manufacturers-Specialty & Generic,"No. 11, Dongjiao East Road, Nanping, China, 353200"
501,BRP,Common Stock,"BRP Group, Inc",NASDAQ,USD,USA,Financial Services,Insurance Brokers,"4211 West Boy Scout Boulevard, Tampa, FL, United States, 33607"
502,GLEO,Common Stock,Galileo Acquisition Corp,NYSE,USD,USA,Financial Services,Shell Companies,"1049 Park Avenue 14A, New York, NY, United States, 10028"
503,LATN,Common Stock,Union Acquisition Corp. II,NASDAQ,USD,USA,Financial Services,Shell Companies,"1425 Brickell Avenue, Miami, FL, United States, 33131"
504,IPHA,Common Stock,Innate Pharma S.A,NASDAQ,USD,USA,Healthcare,Biotechnology,"117 Avenue de Luminy, Marseille, France, 13009"
505,BRBR,Common Stock,"BellRing Brands, Inc",NYSE,USD,USA,Consumer Defensive,Packaged Foods,"2503 South Hanley Road, Saint Louis, MO, United States, 63144-2503"
506,VIR,Common Stock,"Vir Biotechnology, Inc",NASDAQ,USD,USA,Healthcare,Biotechnology,"499 Illinois Street, San Francisco, CA, United States, 94158"
507,HBT,Common Stock,"HBT Financial, Inc",NASDAQ,USD,USA,Financial Services,Banks-Regional,"401 North Hershey Road, Bloomington, IL, United States, 61704"
508,BNTX,Common Stock,BioNTech SE,NASDAQ,USD,USA,Healthcare,Biotechnology,"An der Goldgrube 12, Mainz, Germany, 55131"
509,VIE,Common Stock,"Viela Bio, Inc",NASDAQ,USD,USA,Healthcare,Biotechnology,"One MedImmune Way, Gaithersburg, MD, United States, 20878"
510,MCBS,Common Stock,"MetroCity Bankshares, Inc",NASDAQ,USD,USA,Financial Services,Banks-Regional,"5114 Buford Highway, Doraville, GA, United States, 30340"
511,FREQ,Common Stock,"Frequency Therapeutics, Inc",NASDAQ,USD,USA,Healthcare,Biotechnology,"19 Presidential Way, Woburn, MA, United States, 01801"
512,APRE,Common Stock,"Aprea Therapeutics, Inc",NASDAQ,USD,USA,Healthcare,Biotechnology,"535 Boylston Street, Boston, MA, United States, 02116"
513,PTON,Common Stock,"Peloton Interactive, Inc",NASDAQ,USD,USA,Consumer Cyclical,Leisure,"125 West 25th Street, New York, NY, United States, 10001"
514,OPRT,Common Stock,Oportun Financial Corporation,NASDAQ,USD,USA,Financial Services,Credit Services,"2 Circle Star Way, San Carlos, CA, United States, 94070"
515,PING,Common Stock,Ping Identity Holding Corp,NYSE,USD,USA,Technology,Software-Infrastructure,"1001 17th Street, Denver, CO, United States, 80202"
516,DDOG,Common Stock,"Datadog, Inc",NASDAQ,USD,USA,Technology,Software-Application,"620 8th Avenue, New York, NY, United States, 10018"
517,XGN,Common Stock,Exagen Inc,NASDAQ,USD,USA,Healthcare,Diagnostics & Research,"1261 Liberty Way, Vista, CA, United States, 92081"
518,IGMS,Common Stock,"IGM Biosciences, Inc",NASDAQ,USD,USA,Healthcare,Biotechnology,"325 East Middlefield Road, Mountain View, CA, United States, 94043"
519,NVST,Common Stock,Envista Holdings Corporation,NYSE,USD,USA,Healthcare,Medical Instruments & Supplies,"Building E, Brea, CA, United States, 92821-6208"
520,APXT,Common Stock,Apex Technology Acquisition Corporation,NASDAQ,USD,USA,Financial Services,Shell Companies,"533 Airport Boulevard, Burlingame, CA, United States, 94010"
521,SWTX,Common Stock,"SpringWorks Therapeutics, Inc",NASDAQ,USD,USA,Healthcare,Biotechnology,"100 Washington Boulevard, Stamford, CT, United States, 06902"
522,NET,Common Stock,"Cloudflare, Inc",NYSE,USD,USA,Technology,Software-Infrastructure,"101 Townsend Street, San Francisco, CA, United States, 94107"
523,STSA,Common Stock,"Satsuma Pharmaceuticals, Inc",NASDAQ,USD,USA,Healthcare,Biotechnology,"400 Oyster Point Boulevard, South San Francisco, CA, United States, 94080"
524,EXPC,Common Stock,Experience Investment Corp,NASDAQ,USD,USA,Financial Services,Shell Companies,"100 St. Paul Street, Denver, CO, United States, 80206"
525,ALRS,Common Stock,Alerus Financial Corporation,NASDAQ,USD,USA,Financial Services,Banks-Regional,"401 Demers Avenue, Grand Forks, ND, United States, 58201"
526,TXG,Common Stock,"10x Genomics, Inc",NASDAQ,USD,USA,Healthcare,Health Information Services,"6230 Stoneridge Mall Road, Pleasanton, CA, United States, 94588"
527,SDC,Common Stock,"SmileDirectClub, Inc",NASDAQ,USD,USA,Healthcare,Medical Devices,"414 Union Street, Nashville, TN, United States, 37219"
528,NPA,Common Stock,New Providence Acquisition Corp,NASDAQ,USD,USA,Financial Services,Shell Companies,"10900 Research Boulevard, Austin, TX, United States, 78759"
529,JFU,Common Stock,9F Inc,NASDAQ,USD,USA,Technology,Software-Application,"Jiufu Building, Beijing, China, 100102"
530,CFB,Common Stock,"CrossFirst Bankshares, Inc",NASDAQ,USD,USA,Financial Services,Banks-Regional,"11440 Tomahawk Creek Parkway, Leawood, KS, United States, 66211"
531,PLIN,Common Stock,"China Xiangtai Food Co., Ltd",NASDAQ,USD,USA,Consumer Defensive,Packaged Foods,"Xinganxian Plaza, Building B, Chongqing, China, 400800"
532,THBR,Common Stock,"Thunder Bridge Acquisition II, Ltd",NASDAQ,USD,USA,Financial Services,Shell Companies,"9912 Georgetown Pike, Great Falls, VA, United States, 22066"
533,SSPK,Common Stock,Silver Spike Acquisition Corp,NASDAQ,USD,USA,Financial Services,Shell Companies,"600 Madison Avenue, New York, NY, United States, 10022"
534,INMD,Common Stock,InMode Ltd,NASDAQ,USD,USA,Healthcare,Medical Devices,"Tavor Building, Yokne'am, Israel, 2069206"
535,HKIB,Common Stock,AMTD International Inc,NYSE,USD,USA,Financial Services,Capital Markets,"Nexxus Building, Central, Hong Kong"
536,ORSN,Common Stock,Orisun Acquisition Corp,NASDAQ,USD,USA,Financial Services,Shell Companies,"555 Madison Avenue, New York, NY, United States, 10022"
537,KRUS,Common Stock,"Kura Sushi USA, Inc",NASDAQ,USD,USA,Consumer Cyclical,Restaurants,"17461 Derian Avenue, Irvine, CA, United States, 92614"
538,SNDL,Common Stock,Sundial Growers Inc,NASDAQ,USD,USA,Healthcare,Drug Manufacturers-Specialty & Generic,"919?11 Avenue SW, Calgary, AB, Canada, T2R 1P3"
539,DT,Common Stock,"Dynatrace, Inc",NYSE,USD,USA,Technology,Software-Application,"1601 Trapelo Road, Waltham, MA, United States, 02451"
540,BORR,Common Stock,Borr Drilling Limited,NYSE,USD,USA,Energy,Oil & Gas Drilling,"S.E. Pearman Building, Hamilton, Bermuda, HM11"
541,VIST,Common Stock,"Vista Oil & Gas, S.A.B. de C.V",NYSE,USD,USA,Energy,Oil & Gas E&P,"Calle VolcAn No. 150, Mexico City, DF, Mexico, 11000"
542,BHAT,Common Stock,Fujian Blue Hat Interactive Entertainment Technology Ltd,NASDAQ,USD,USA,Communication Services,Electronic Gaming & Multimedia,"Building C, Xiamen, China, 361009"
543,WSG,Common Stock,Wanda Sports Group Company Limited,NASDAQ,USD,USA,Communication Services,Entertainment,"Wanda Plaza, Beijing, China, 100022"
544,HCAT,Common Stock,"Health Catalyst, Inc",NASDAQ,USD,USA,Healthcare,Health Information Services,"10897 South River Front Parkway, South Jordan, UT, United States, 84095"
545,NOVA,Common Stock,Sunnova Energy International Inc,CSE,USD,USA,Technology,Solar,"20 East Greenway Plaza, Houston, TX, United States, 77046"
546,LVGO,Common Stock,"Livongo Health, Inc",NASDAQ,USD,USA,Healthcare,Medical Devices,"150 West Evelyn Avenue, Mountain View, CA, United States, 94041"
547,CSTL,Common Stock,"Castle Biosciences, Inc",NASDAQ,USD,USA,Healthcare,Diagnostics & Research,"820 South Friendswood Drive, Friendswood, TX, United States, 77546"
548,PROS,Common Stock,"ProSight Global, Inc",NYSE,USD,USA,Financial Services,Insurance-Specialty,"412 Mount Kemble Avenue, Morristown, NJ, United States, 07960"
549,EIC,Common Stock,Eagle Point Income Company Inc,NYSE,USD,USA,,,"600 Steamboat Road, Greenwich, CT, United States, 06830"
550,MDLA,Common Stock,"Medallia, Inc",NYSE,USD,USA,Technology,Software-Application,"575 Market Street, San Francisco, CA, United States, 94105"
551,IFS,Common Stock,Intercorp Financial Services Inc,NYSE,USD,USA,Financial Services,Banks-Regional,"Torre Interbank, Lima, Peru, 13"
552,AFYA,Common Stock,Afya Limited,NASDAQ,USD,USA,Consumer Defensive,Education & Training Services,"No. 119, Alameda Oscar Niemeyer, Nova Lima, MG, Brazil"
553,PHR,Common Stock,"Phreesia, Inc",NYSE,USD,USA,Healthcare,Health Information Services,"432 Park Avenue South, New York, NY, United States, 10016"
554,MIRM,Common Stock,"Mirum Pharmaceuticals, Inc",NASDAQ,USD,USA,Healthcare,Biotechnology,"950 Tower Lane, Foster City, CA, United States, 94404"
555,ORCC,Common Stock,Owl Rock Capital Corporation,NYSE,USD,USA,Financial Services,Credit Services,"245 Park Avenue, New York, NY, United States, 10167"
556,AMK,Common Stock,"AssetMark Financial Holdings, Inc",NYSE,USD,USA,Financial Services,Asset Management,"1655 Grant Street, Concord, CA, United States, 94520"
557,FULC,Common Stock,"Fulcrum Therapeutics, Inc",NASDAQ,USD,USA,Healthcare,Biotechnology,"26 Landsdowne Street, Cambridge, MA, United States, 02139"
558,IHRT,Common Stock,"iHeartMedia, Inc",NASDAQ,USD,USA,Communication Services,Broadcasting,"20880 Stone Oak Parkway, San Antonio, TX, United States, 78258"
559,DOYU,Common Stock,DouYu International Holdings Limited,NASDAQ,USD,USA,Communication Services,Internet Content & Information,"Optical Valley Software Park, Wuhan, China, 430073"
560,SCPE,Common Stock,SC Health Corporation,NYSE,USD,USA,Financial Services,Shell Companies,"108 Robinson Road No. 10-00, Singapore, Singapore, 068900"
561,THCA,Common Stock,Tuscan Holdings Corp. II,NASDAQ,USD,USA,Financial Services,Shell Companies,"135 East 57th Street, New York, NY, United States, 10022"
562,RMBI,Common Stock,"Richmond Mutual Bancorporation, Inc",NASDAQ,USD,USA,Financial Services,Banks-Regional,"31 North 9th Street, Richmond, IN, United States, 47374"
563,KRTX,Common Stock,"Karuna Therapeutics, Inc",NASDAQ,USD,USA,Healthcare,Biotechnology,"33 Arch Street, Boston, MA, United States, 02110"
564,REAL,Common Stock,"The RealReal, Inc",NASDAQ,USD,USA,Consumer Cyclical,Specialty Retail,"55 Francisco Street, San Francisco, CA, United States, 94133"
565,MORF,Common Stock,"Morphic Holding, Inc",NASDAQ,USD,USA,Healthcare,Biotechnology,"35 Gatehouse Drive, A2, Waltham, MA, United States, 02451"
566,ADPT,Common Stock,Adaptive Biotechnologies Corporation,NYSE,USD,USA,Healthcare,Biotechnology,"1551 Eastlake Avenue East, Seattle, WA, United States, 98102"
567,CHNG,Common Stock,Change Healthcare Inc,NASDAQ,USD,USA,Healthcare,Health Information Services,"424 Church Street, Nashville, TN, United States, 37219"
568,BBIO,Common Stock,"BridgeBio Pharma, Inc",NASDAQ,USD,USA,Healthcare,Biotechnology,"421 Kipling Street, Palo Alto, CA, United States, 94301"
569,LINX,Common Stock,Linx S.A,NYSE,USD,USA,Technology,Software-Application,None
570,CMBM,Common Stock,Cambium Networks Corporation,NASDAQ,USD,USA,Technology,Communication Equipment,"3800 Golf Road, Rolling Meadows, IL, United States, 60008"
571,AKRO,Common Stock,"Akero Therapeutics, Inc",NASDAQ,USD,USA,Healthcare,Biotechnology,"601 Gateway Boulevard, South San Francisco, CA, United States, 94080"
572,PSNL,Common Stock,"Personalis, Inc",NASDAQ,USD,USA,Healthcare,Diagnostics & Research,"1330 O?Brien Drive, Menlo Park, CA, United States, 94025"
573,GO,Common Stock,Grocery Outlet Holding Corp,NASDAQ,USD,USA,Consumer Defensive,Grocery Stores,"5650 Hollis Street, EmeryVille, CA, United States, 94608"
574,BCEL,Common Stock,"Atreca, Inc",NASDAQ,USD,USA,Healthcare,Biotechnology,"450 East Jamie Court, South San Francisco, CA, United States, 94080"
575,WORK,Common Stock,"Slack Technologies, Inc",NYSE,USD,USA,Technology,Software-Application,"500 Howard Street, San Francisco, CA, United States, 94105"
576,PRVL,Common Stock,Prevail Therapeutics Inc,NASDAQ,USD,USA,Healthcare,Biotechnology,"430 East 29th Street, New York, NY, United States, 10016"
577,STOK,Common Stock,"Stoke Therapeutics, Inc",NASDAQ,USD,USA,Healthcare,Biotechnology,"45 Wiggins Avenue, Bedford, MA, United States, 01730"
578,CHWY,Common Stock,"Chewy, Inc",NYSE,USD,USA,Consumer Cyclical,Internet Retail,"1855 Griffin Road, Dania Beach, FL, United States, 33004"
579,FVRR,Common Stock,Fiverr International Ltd,NYSE,USD,USA,Communication Services,Internet Content & Information,"8 Eliezer Kaplan Street, Tel Aviv, Israel, 6473409"
580,MWK,Common Stock,"Mohawk Group Holdings, Inc",NASDAQ,USD,USA,Technology,Consumer Electronics,"37 East 18th Street, New York, NY, United States, 10003"
581,CRWD,Common Stock,"CrowdStrike Holdings, Inc",NASDAQ,USD,USA,Technology,Software-Infrastructure,"150 Mathilda Place, Sunnyvale, CA, United States, 94086"
582,RVLV,Common Stock,"Revolve Group, Inc",NYSE,USD,USA,Consumer Cyclical,Internet Retail,"12889 Moore Street, Cerritos, CA, United States, 90703"
583,GIX,Common Stock,"GigCapital2, Inc",NYSE,USD,USA,Financial Services,Shell Companies,"1731 Embarcadero Road, Palo Alto, CA, United States, 94303"
584,GSX,Common Stock,GSX Techedu Inc,NYSE,USD,USA,Consumer Defensive,Education & Training Services,"Tower C, Beyondsoft Building, Beijing, China, 100193"
585,BCYC,Common Stock,Bicycle Therapeutics plc,NASDAQ,USD,USA,Healthcare,Biotechnology,"Babraham Research Campus, Cambridge, United Kingdom, CB22 3AT"
586,RTLR,Common Stock,Rattler Midstream LP,NASDAQ,USD,USA,Energy,Oil & Gas Midstream,"500 West Texas Avenue, Midland, TX, United States, 79701"
587,IDYA,Common Stock,"IDEAYA Biosciences, Inc",NASDAQ,USD,USA,Healthcare,Biotechnology,"7000 Shoreline Court, South San Francisco, CA, United States, 94080"
588,GXGX,Common Stock,GX Acquisition Corp,NASDAQ,USD,USA,Financial Services,Shell Companies,"1325 Avenue of the Americas, New York, NY, United States, 10019"
589,FSLY,Common Stock,"Fastly, Inc",NYSE,USD,USA,Technology,Software-Application,"475 Brannan Street, San Francisco, CA, United States, 94107"
590,AVTR,Common Stock,"Avantor, Inc",NYSE,USD,USA,Basic Materials,Specialty Chemicals,"Radnor Corporate Center, Radnor, PA, United States, 19087"
591,PSTL,Common Stock,"Postal Realty Trust, Inc",NYSE,USD,USA,Real Estate,REIT-Office,"75 Colombia Avenue, Cedarhurst, NY, United States, 11516"
592,APLT,Common Stock,"Applied Therapeutics, Inc",NASDAQ,USD,USA,Healthcare,Biotechnology,"545 Fifth Avenue, New York, NY, United States, 10017"
593,AGBA,Common Stock,AGBA Acquisition Limited,NASDAQ,USD,USA,Financial Services,Shell Companies,"Room 1108, 11th Floor, Block B, Tsim Sha Tsui, Hong Kong"
594,SONM,Common Stock,"Sonim Technologies, Inc",NASDAQ,USD,USA,Technology,Communication Equipment,"Building 1, Austin, TX, United States, 78746"
595,UBER,Common Stock,"Uber Technologies, Inc",NYSE,USD,USA,Technology,Software-Application,"1515 3rd Street, San Francisco, CA, United States, 94158"
596,JFIN,Common Stock,Jiayin Group Inc,NASDAQ,USD,USA,Communication Services,Internet Content & Information,"Building No. 1, Shanghai, China, 200122"
597,MEC,Common Stock,"Mayville Engineering Company, Inc",NYSE,USD,USA,Industrials,Metal Fabrication,"715 South Street, Mayville, WI, United States, 53050"
598,CRTX,Common Stock,"Cortexyme, Inc",NASDAQ,USD,USA,Healthcare,Biotechnology,"269 East Grand Avenue, South San Francisco, CA, United States, 94080"
599,SPFI,Common Stock,"South Plains Financial, Inc",NASDAQ,USD,USA,Financial Services,Banks-Regional,"5219 City Bank Parkway, Lubbock, TX, United States, 79407"
600,NXTC,Common Stock,"NextCure, Inc",NASDAQ,USD,USA,Healthcare,Biotechnology,"9000 Virginia Manor Road, Beltsville, MD, United States, 20705"
601,AXLA,Common Stock,Axcella Health Inc,NASDAQ,USD,USA,Healthcare,Biotechnology,"840 Memorial Drive, Cambridge, MA, United States, 02139"
602,HHR,Common Stock,HeadHunter Group PLC,NASDAQ,USD,USA,Industrials,Staffing & Employment Services,"9/10 Godovikova Street, Moscow, Russia, 129085"
603,PSN,Common Stock,Parsons Corporation,NYSE,USD,USA,Industrials,Specialty Industrial Machinery,"5875 Trinity Parkway, Centreville, VA, United States, 20120"
604,TRVI,Common Stock,"Trevi Therapeutics, Inc",NASDAQ,USD,USA,Healthcare,Biotechnology,"195 Church Street, New Haven, CT, United States, 06510"
605,SCPL,Common Stock,SciPlay Corporation,NASDAQ,USD,USA,Communication Services,Electronic Gaming & Multimedia,"6601 Bermuda Road, Las Vegas, NV, United States, 89119"
606,YJ,Common Stock,Yunji Inc,NASDAQ,USD,USA,Consumer Cyclical,Internet Retail,"South Building, Hangzhou, China, 310000"
607,RRBI,Common Stock,"Red River Bancshares, Inc",NASDAQ,USD,USA,Financial Services,Banks-Regional,"1412 Centre Court Drive, Alexandria, LA, United States, 71301"
608,ATIF,Common Stock,ATIF Holdings Limited,NASDAQ,USD,USA,Financial Services,Capital Markets,"8577 Haven Avenue, Los Angeles, CA, United States, 91730"
609,BYND,Common Stock,"Beyond Meat, Inc",NASDAQ,USD,USA,Consumer Defensive,Packaged Foods,"119 Standard Street, El Segundo, CA, United States, 90245"
610,SY,Common Stock,So-Young International Inc,NASDAQ,USD,USA,Healthcare,Health Information Services,"Ronsin Technology Center, Beijing, China, 100102"
611,TMDX,Common Stock,"TransMedics Group, Inc",NASDAQ,USD,USA,Healthcare,Medical Devices,"200 Minuteman Road, Andover, MA, United States, 01810"
612,WAFU,Common Stock,Wah Fu Education Group Limited,NASDAQ,USD,USA,Consumer Defensive,Education & Training Services,"L207b, Hesheng Fortune Plaza, Beijing, China, 100088"
613,HOOK,Common Stock,HOOKIPA Pharma Inc,NASDAQ,USD,USA,Healthcare,Biotechnology,"350 Fifth Avenue, New York, NY, United States, 10118"
614,PINS,Common Stock,"Pinterest, Inc",NYSE,USD,USA,Communication Services,Internet Content & Information,"505 Brannan Street, San Francisco, CA, United States, 94107"
615,ZM,Common Stock,"Zoom Video Communications, Inc",NASDAQ,USD,USA,Communication Services,Telecom Services,"55 Almaden Boulevard, San Jose, CA, United States, 95113"
616,GNLN,Common Stock,"Greenlane Holdings, Inc",NASDAQ,USD,USA,Healthcare,Pharmaceutical Retailers,"1095 Broken Sound Parkway, Boca Raton, FL, United States, 33487"
617,MNRL,Common Stock,"Brigham Minerals, Inc",NYSE,USD,USA,Energy,Oil & Gas E&P,"5914 West Courtyard Drive, Austin, TX, United States, 78730"
618,PLMR,Common Stock,"Palomar Holdings, Inc",NASDAQ,USD,USA,Financial Services,Insurance-Property & Casualty,"7979 Ivanhoe Avenue, La Jolla, CA, United States, 92037"
619,TPTX,Common Stock,"Turning Point Therapeutics, Inc",NASDAQ,USD,USA,Healthcare,Biotechnology,"10628 Science Center Drive, San Diego, CA, United States, 92121"
620,BWAY,Common Stock,Brainsway Ltd,NASDAQ,USD,USA,Healthcare,Diagnostics & Research,"Bynet Building, Jerusalem, Israel, 9777518"
621,JMIA,Common Stock,Jumia Technologies AG,NYSE,USD,USA,Consumer Cyclical,Internet Retail,None
622,TUFN,Common Stock,Tufin Software Technologies Ltd,NYSE,USD,USA,Technology,Software-Infrastructure,"ToHa Tower, Tel Aviv, Israel, 6789205"
623,PD,Common Stock,"PagerDuty, Inc",NYSE,USD,USA,Technology,Software-Application,"600 Townsend Street, San Francisco, CA, United States, 94103"
624,GHSI,Common Stock,"Guardion Health Sciences, Inc",NASDAQ,USD,USA,Healthcare,Drug Manufacturers-Specialty & Generic,"15150 Avenue of Science, San Diego, CA, United States, 92128"
625,SILK,Common Stock,"Silk Road Medical, Inc",NASDAQ,USD,USA,Healthcare,Medical Devices,"1213 Innsbruck Drive, Sunnyvale, CA, United States, 94089"
626,RPLA,Common Stock,Replay Acquisition Corp,NYSE,USD,USA,Financial Services,Shell Companies,"767 Fifth Avenue, New York, NY, United States, 10153"
627,NGM,Common Stock,"NGM Biopharmaceuticals, Inc",NASDAQ,USD,USA,Healthcare,Biotechnology,"333 Oyster Point Boulevard, South San Francisco, CA, United States, 94080"
628,TW,Common Stock,Tradeweb Markets Inc,NASDAQ,USD,USA,Financial Services,Capital Markets,"1177 Avenue of the Americas, New York, NY, United States, 10036"
629,RUHN,Common Stock,Ruhnn Holding Limited,NASDAQ,USD,USA,Consumer Cyclical,Internet Retail,"Building No. 2, Hangzhou, China, 310016"
630,PBTS,Common Stock,"Powerbridge Technologies Co., Ltd",NASDAQ,USD,USA,Technology,Software-Application,"Building D2, Zhuhai, China, 519080"
631,LYFT,Common Stock,"Lyft, Inc",NASDAQ,USD,USA,Technology,Software-Application,"185 Berry Street, San Francisco, CA, United States, 94107"
632,PUYI,Common Stock,Puyi Inc,NASDAQ,USD,USA,Financial Services,Asset Management,"Pearl River Tower, Guangzhou, China, 510620"
633,DTIL,Common Stock,"Precision BioSciences, Inc",NASDAQ,USD,USA,Healthcare,Biotechnology,"302 East Pettigrew Street, Durham, NC, United States, 27701"
634,WTRE,Common Stock,Watford Holdings Ltd,NASDAQ,USD,USA,Financial Services,Insurance-Diversified,"Waterloo House, Pembroke, Bermuda, HM 08"
635,GNFT,Common Stock,Genfit SA,NASDAQ,USD,USA,Healthcare,Biotechnology,"Parc EurasantE, Loos, France, 59120"
636,LEVI,Common Stock,Levi Strauss & Co,NYSE,USD,USA,Consumer Cyclical,Apparel Manufacturing,"1155 Battery Street, San Francisco, CA, United States, 94111"
637,TIGR,Common Stock,UP Fintech Holding Limited,NASDAQ,USD,USA,Financial Services,Capital Markets,"Grandyvic Building, Beijing, China, 100020"
638,FUTU,Common Stock,Futu Holdings Limited,NASDAQ,USD,USA,Financial Services,Capital Markets,"Unit C1-2 13F, Admiralty, Hong Kong"
639,CRSA,Common Stock,Crescent Acquisition Corp,NASDAQ,USD,USA,Financial Services,Shell Companies,"11100 Santa Monica Boulevard, Los Angeles, CA, United States, 90025"
640,SWAV,Common Stock,"ShockWave Medical, Inc",NASDAQ,USD,USA,Healthcare,Medical Devices,"5403 Betsy Ross Drive, Santa Clara, CA, United States, 95054"
641,THCB,Common Stock,Tuscan Holdings Corp,NASDAQ,USD,USA,Financial Services,Shell Companies,"135 East 57th Street, New York, NY, United States, 10022"
642,KLDO,Common Stock,"Kaleido Biosciences, Inc",NASDAQ,USD,USA,Healthcare,Biotechnology,"65 Hayden Avenue, Lexington, MA, United States, 02421"
643,SLGG,Common Stock,"Super League Gaming, Inc",NASDAQ,USD,USA,Communication Services,Electronic Gaming & Multimedia,"2912 Colorado Avenue, Santa Monica, CA, United States, 90404"
644,SOLY,Common Stock,"Soliton, Inc",NASDAQ,USD,USA,Healthcare,Medical Devices,"5304 Ashbrook Drive, Houston, TX, United States, 77081"
645,AREC,Common Stock,American Resources Corporation,NASDAQ,USD,USA,Energy,Thermal Coal,"12115 Visionary Way, Fishers, IN, United States, 46038"
646,MITO,Common Stock,Stealth BioTherapeutics Corp,NASDAQ,USD,USA,Healthcare,Biotechnology,"190 Elgin Avenue, George Town, Cayman Islands, KY1-9005"
647,HOTH,Common Stock,"Hoth Therapeutics, Inc",NASDAQ,USD,USA,Healthcare,Biotechnology,"1 Rockefeller Plaza, New York, NY, United States, 10020"
648,TCRR,Common Stock,TCR2 Therapeutics Inc,NASDAQ,USD,USA,Healthcare,Biotechnology,"100 Binney Street, Cambridge, MA, United States, 02142"
649,IMAC,Common Stock,"IMAC Holdings, Inc",NASDAQ,USD,USA,Healthcare,Medical Care Facilities,"1605 Westgate Circle, Brentwood, TN, United States, 37027"
650,HARP,Common Stock,"Harpoon Therapeutics, Inc",NASDAQ,USD,USA,Healthcare,Biotechnology,"131 Oyster Point Boulevard, South San Francisco, CA, United States, 94080"
651,GOSS,Common Stock,"Gossamer Bio, Inc",NASDAQ,USD,USA,Healthcare,Biotechnology,"3013 Science Park Road, San Diego, CA, United States, 92121"
652,ALEC,Common Stock,"Alector, Inc",NASDAQ,USD,USA,Healthcare,Biotechnology,"131 Oyster Point Boulevard, South San Francisco, CA, United States, 94080"
653,INMB,Common Stock,"INmune Bio, Inc",NASDAQ,USD,USA,Healthcare,Biotechnology,"1200 Prospect Street, La Jolla, CA, United States, 92037"
654,NFE,Common Stock,New Fortress Energy Inc,NASDAQ,USD,USA,Utilities,Utilities-Regulated Gas,"111 West 19th Street, New York, NY, United States, 10011"
655,ANDA,Common Stock,Andina Acquisition Corp. III,NASDAQ,USD,USA,Financial Services,Shell Companies,None
656,RBKB,Common Stock,"Rhinebeck Bancorp, Inc",NASDAQ,USD,USA,Financial Services,Banks-Regional,"2 Jefferson Plaza, Poughkeepsie, NY, United States, 12601"
657,BCOW,Common Stock,"1895 Bancorp of Wisconsin, Inc",NASDAQ,USD,USA,Financial Services,Banks-Regional,"7001 West Edgerton Avenue, Greenfield, WI, United States, 53220"
658,MDJH,Common Stock,MDJM Ltd,NASDAQ,USD,USA,Real Estate,Real Estate Services,"Saidun Center, Tianjin, China"
659,MTC,Common Stock,"Mmtec, Inc",NASDAQ,USD,USA,Technology,Software-Application,"Air China Century Building, Beijing, China, 100020"
660,SXTC,Common Stock,"China SXT Pharmaceuticals, Inc",NASDAQ,USD,USA,Healthcare,Drug Manufacturers-Specialty & Generic,"No.178 North Taidong Road, Taizhou, China, 225300"
