IPO_DATE,SYMBOL,COMPANY_NAME,IPO_PRICE,CURRENT_PRICE,PERCENTAGE_RETURN
2020-12-29,MRM,Medirom Healthcare,15,10.3,-0.3133
2020-12-24,VTAQ,Ventoux CCM Acquisition,10,9.89,-0.011
2020-12-23,IKT,Inhibikase Therapeutics,10,6.21,-0.379
2020-12-23,GBS,"GBS, Inc.",17,6.81,-0.5994
2020-12-23,HCAR,Healthcare Services Acquisition,10,9.85,-0.0155
2020-12-23,CFIV,CF Acquisition IV,10,9.89,-0.011
2020-12-23,VII,7GC & Co. Holdings,10,9.85,-0.015
2020-12-23,VHAQ,Viveon Health Acquisition,10,9.84,-0.016
2020-12-21,ACKIT,Ackrell SPAC Partners I,10,9.99,-0.001
2020-12-18,SVOK,Seven Oaks Acquisition,10,9.91,-0.009
2020-12-18,GFX,Golden Falcon Acquisition,10,9.83,-0.017
2020-12-18,MASS,908 Devices,20,53.8,1.69
2020-12-18,DUNE,Dune Acquisition,10,9.74,-0.026
2020-12-18,MTAC,MedTech Acquisition,10,9.94,-0.006
2020-12-18,IIII,Insu Acquisition III,10,9.95,-0.005
2020-12-17,MDWT,Midwest Holding,70,51.02,-0.2711
2020-12-17,SCOA,ScION Tech Growth I,10,9.92,-0.008
2020-12-17,COOL,Corner Growth Acquisition,10,9.83,-0.017
2020-12-17,VIRI,Virios Therapeutics,10,6.16,-0.384
2020-12-16,WISH,ContextLogic,24,18.84,-0.215
2020-12-16,UPST,Upstart Holdings,20,60.79,2.0395
2020-12-16,CCV,Churchill Capital V,10,10.27,0.027
2020-12-16,SCPS,Scopus Biopharma,5.5,9.89,0.7982
2020-12-16,BCAB,BioAtla,18,66.96,2.72
2020-12-15,WNW,Wunong Net Technology,5,11.48,1.296
2020-12-15,KINZ,Kins Technology Group,10,9.85,-0.015
2020-12-15,MRAC,Marquee Raine Acquisition,10,10.14,0.014
2020-12-15,OCG,Oriental Culture Holding,4,10.6,1.65
2020-12-15,BLUW,Blue Water Acquisition,10,10.01,0.001
2020-12-15,ATA,Americas Technology Acquisition,10,9.92,-0.008
2020-12-11,ABCL,AbCellera Biologics,20,36.29,0.8145
2020-12-11,NBTX,Nanobiotix,13.5,16.05,0.1889
2020-12-11,FDMT,4D Molecular Therapeutics,23,45.55,0.9804
2020-12-11,DWIN,Delwinds Insurance Acquisition,10,9.82,-0.018
2020-12-11,ROCC,Roth CH Acquisition II,10,10.05,0.005
2020-12-11,GLAQ,Globis Acquisition,10,9.95,-0.005
2020-12-11,MOTV,Motive Capital,10,9.98,-0.002
2020-12-11,EDTX,EdtechX Holdings Acquisition II,10,9.83,-0.017
2020-12-11,SNRH,Senior Connect Acquisition I,10,9.91,-0.009
2020-12-11,GHVI,Gores Holdings VI,10,15.78,0.578
2020-12-11,TVAC,Thayer Ventures Acquisition,10,9.96,-0.004
2020-12-11,CBAH,CBRE Acquisition,10,9.95,-0.005
2020-12-11,VVOS,Vivos Therapeutics,6,7.44,0.24
2020-12-11,CERT,Certara,23,31.51,0.37
2020-12-10,RMGB,RMG Acquisition II,10,10.3,0.03
2020-12-10,HYFM,Hydrofarm,20,62.88,2.144
2020-12-10,ABNB,Airbnb,68,201.36,1.9612
2020-12-10,CTAQ,Carney Technology Acquisition II,10,9.84,-0.016
2020-12-10,PCPC,Periphas Capital Partnering,25,24.71,-0.0114
2020-12-09,NEBC,Nebula Caravel Acquisition,10,9.97,-0.003
2020-12-09,DASH,DoorDash,102,133.8,0.3118
2020-12-09,HMCO,HumanCo Acquisition,10,10.33,0.033
2020-12-09,PUBM,PubMatic,20,51.04,1.552
2020-12-09,ALTU,Altitude Acquisition,10,10.39,0.039
2020-12-09,AI,C3.ai,42,80.56,0.9181
2020-12-09,FLAC,Frazier Lifesciences Acquisition,10,9.92,-0.008
2020-12-08,CND,Concord Acquisition,10,9.84,-0.016
2020-12-08,DDMX,DD3 Acquisition II,10,9.76,-0.024
2020-12-08,MUDS,Mudrick Capital Acquisition II,10,9.87,-0.013
2020-12-08,RAAC,Revolution Acceleration Acquisition,10,10.59,0.059
2020-12-04,YQ,17 Education & Technology,10.5,10.23,-0.0257
2020-12-04,SBTX,Silverback Therapeutics,21,60.41,1.8767
2020-12-04,SEER,"Seer, Inc",19,54.72,1.88
2020-12-04,SGTX,Sigilon Therapeutics,18,24.64,0.3689
2020-12-04,FTCV,FinTech Acquisition V,10,12.9,0.29
2020-12-04,PTIC,Proptech Investment II,10,9.92,-0.008
2020-12-03,FPAC,Far Peak Acquisition,10,9.97,-0.003
2020-12-03,HTPA,Highland Transcend Partners I,10,10,0
2020-12-03,KNTE,Kinnate Biopharma,20,37,0.85
2020-12-03,LOKB,Live Oak Acquisition II,10,10.1,0.01
2020-12-03,DCBO,Docebo,52.21,42.75,-0.1812
2020-12-03,SPFR,Jaws Spitfire Acquisition,10,10.39,0.039
2020-12-02,RSVA,Rodgers Silicon Valley Acquisition,10,15.13,0.513
2020-12-02,TACA,Trepont Acquisition I,10,9.98,-0.002
2020-12-02,CAP,Capitol Investment V,10,10.2,0.02
2020-11-30,SGAM,Seaport Global Acquisition,10,9.87,-0.013
2020-11-25,FRX,Forest Road Acquisition,10,10.94,0.094
2020-11-25,SPRQ,Spartan Acquisition II,10,10.5,0.05
2020-11-24,HFEN,HF Enterprises,7,6.15,-0.1214
2020-11-24,OZON,Ozon Holdings,30,56.52,0.884
2020-11-24,SV,Spring Valley Acquisition,10,10.03,0.003
2020-11-24,VMAR,Vision Marine Technologies,10,9.56,-0.044
2020-11-24,GNPK,Genesis Park Acquisition,10,9.93,-0.007
2020-11-24,VCVC,10X Capital Venture Acquisition,10,10.72,0.072
2020-11-24,TINV,Tiga Acquisition,10,10.15,0.015
2020-11-23,BREZ,Breeze Holdings Acquisition,10,10.01,0.001
2020-11-20,LSAQ,LifeSci Acquisition II,10,10.38,0.038
2020-11-20,ARBG,Aequi Acquisition,10,9.93,-0.007
2020-11-20,MRVI,Maravai LifeSciences,27,37.48,0.3881
2020-11-20,CAS,Cascade Acquisition,10,9.9,-0.01
2020-11-20,SHC,Sotera Health,23,27.74,0.2061
2020-11-20,KWAC,Kingswood Acquisition,10,9.97,-0.003
2020-11-20,OCA,Omnichannel Acquisition,10,9.9,-0.01
2020-11-19,IIAC,Investindustrial Acquisition,10,9.88,-0.012
2020-11-19,NGMS,NeoGames,17,39.85,1.3441
2020-11-19,LNFA,L&F Acquisition,10,9.99,-0.001
2020-11-19,RTPZ,Reinvent Technology Partners Z,10,10.39,0.039
2020-11-19,TLS,Telos,17,35.84,1.1082
2020-11-19,YSG,Yatsen Holding,10.5,14.95,0.4238
2020-11-19,OLMA,Olema Pharmaceuticals,19,49.67,1.6142
2020-11-19,JYAC,Jiya Acquisition,10,10.01,0.001
2020-11-19,CHFW,Consonance-HFW Acquisition,10,9.88,-0.012
2020-11-18,PHIC,Population Health Investment,10,9.85,-0.015
2020-11-17,DGNS,Dragoneer Growth Opportunities II,10,10.85,0.085
2020-11-17,PIPP,Pine Island Acquisition,10,10.18,0.018
2020-11-17,OTRA,OTR Acquisition,10,9.98,-0.002
2020-11-17,ZNTE,Zanite Acquisition,10,10.24,0.024
2020-11-13,HAAC,Health Assurance Acquisition,10,11.04,0.104
2020-11-13,CFAC,CF Finance Acquisition III,10,10.1,0.01
2020-11-13,BWAC,Better World Acquisition,10,9.97,-0.003
2020-11-13,DMYI,dMY Technology Group III,10,11,0.1
2020-11-11,STIC,Northern Star Acquisition,10,11.62,0.162
2020-11-11,NOAC,Natural Order Acquisition,10,10.23,0.023
2020-11-10,TSIA,TS Innovation Acquisitions,10,13.02,0.302
2020-11-10,ADOC,Edoc Acquisition,10,10.01,0.001
2020-11-06,DBDR,Roman DBDR Tech Acquisition,10,10.03,0.003
2020-10-30,NBA,New Beginnings Acquisition,10,10,0
2020-10-30,LU,Lufax Holding,13.5,14.95,0.1074
2020-10-30,CONX,CONX Corp.,10,10.08,0.008
2020-10-30,SQZ,SQZ Biotechnologies,16,15.46,-0.0337
2020-10-30,JUPW,Jupiter Wellness,7.5,5.58,-0.256
2020-10-30,BHSE,Bull Horn Holdings,10,9.99,-0.001
2020-10-30,AVIR,Atea Pharmaceuticals,24,77.41,2.2254
2020-10-29,ALGM,Allegro MicroSystems,14,26.92,0.9229
2020-10-29,LESL,Leslie's,17,23.05,0.3559
2020-10-29,GLTO,Galecto,15,8,-0.4667
2020-10-29,DSAC,Duddell Street Acquisition,10,9.95,-0.005
2020-10-28,ROOT,"Root, Inc.",27,11.29,-0.5819
2020-10-28,GATO,Gatos Silver,7,15.63,1.2329
2020-10-28,BOAC,Bluescape Opportunities Acquisition,10,9.98,-0.002
2020-10-28,ACIC,Atlas Crest Investment,10,10.44,0.044
2020-10-28,AJAX,Ajax I,10,10.45,0.045
2020-10-28,BDSX,Biodesix,18,23.73,0.3183
2020-10-28,ABST,Absolute Software,11,15.05,0.3682
2020-10-28,MAX,MediaAlpha,19,55.79,1.9363
2020-10-27,MACU,Mallard Acquisition,10,9.89,-0.011
2020-10-27,LUXA,Lux Health Tech Acquisition,10,10.49,0.049
2020-10-23,ATAC,Altimar Acquisition,10,9.95,-0.005
2020-10-23,FHTX,Foghorn Therapeutics,16,12.12,-0.2425
2020-10-23,EUCR,Eucrates Biomedical Acquisition,10,10.09,0.009
2020-10-23,ACAC,Acies Acquisition,10,10.07,0.007
2020-10-22,MCFE,McAfee,20,23.93,0.1965
2020-10-22,TEKK,Tekkorp Digital Acquisition,10,10.08,0.008
2020-10-22,ABCM,Abcam PLC,17.5,21.24,0.2137
2020-10-22,GHLD,Guild Holdings Company,15,14.75,-0.0167
2020-10-22,YSAC,Yellowstone Acquisition,10,10.01,0.001
2020-10-22,RICE,Rice Acquisition,10,10.28,0.028
2020-10-22,CTAC,Cerberus Telecom Acquisition,10,9.99,-0.001
2020-10-22,BLSA,BCLS Acquisition,10,10.85,0.085
2020-10-21,HIGA,H.I.G. Acquisition,10,10.03,0.003
2020-10-21,SRSA,Sarissa Capital Acquisition,10,10.16,0.016
2020-10-21,MSP,Datto,27,26.72,-0.0104
2020-10-21,SPNV,Supernova Partners Acquisition,10,10.67,0.067
2020-10-21,XPOA,DPCM Capital,10,10.1,0.01
2020-10-21,YGMZ,MingZhu Logistics,4,5.77,0.4425
2020-10-21,LFTR,Lefteris Acquisition,10,10.08,0.008
2020-10-20,DCRB,Decarbonization Plus Acquisition,10,11.16,0.116
2020-10-20,GWAC,Good Works Acquisition,10,11.24,0.124
2020-10-20,HLXA,Helix Acquisition,10,10.51,0.051
2020-10-20,HZON,Horizon Acquisition II,10,10.84,0.084
2020-10-16,BTWN,Bridgetown Holdings,10,12.25,0.225
2020-10-16,EAR,Eargo,18,55.14,2.0633
2020-10-16,TARS,Tarsus Pharmaceuticals,16,32.82,1.0513
2020-10-16,KRBP,Kiromic BioPharma,12,10.07,-0.1608
2020-10-16,OPT,Opthea,13.5,10.13,-0.2496
2020-10-16,PRAX,Praxis Precision Medicines,19,42.51,1.2374
2020-10-16,TMPM,Turmeric Acquisition,10,9.97,-0.003
2020-10-16,ALGS,Aligos Therapeutics,15,25.33,0.6887
2020-10-15,TMTS,Spartacus Acquisition,10,9.91,-0.009
2020-10-15,EBC,Eastern Bankshares,10,19.34,0.934
2020-10-15,ARRY,Array Technologies,22,31.61,0.4368
2020-10-15,MNSO,Miniso Group,20,24,0.2
2020-10-15,MOTN,Motion Acquisition,10,9.92,-0.008
2020-10-14,FVAM,5:01 Acquisition,10,10.1,0.01
2020-10-14,CDAK, Codiak BioSciences,15,18.06,0.204
2020-10-09,IPOD,Social Capital Hedosophia IV,10,11.82,0.182
2020-10-09,IPOE,Social Capital Hedosophia V,10,19.15,0.915
2020-10-09,IPOF,Social Capital Hedosophia VI,10,11.63,0.163
2020-10-09,INTZ,Intrusion,8,25.7,2.2125
2020-10-09,SPRB,Spruce Biosciences,15,19.42,0.2947
2020-10-09,STTK,Shattuck Labs,17,37.77,1.2218
2020-10-09,KRON,Kronos Bio,19,28.34,0.4916
2020-10-09,LCY,Landcadia Holdings III,10,10.55,0.055
2020-10-09,IH,iHuman,12,15.1,0.2583
2020-10-08,PAIC,Petra Acquisition,10,9.97,-0.003
2020-10-08,FUBO,FuboTV,10,32.05,2.205
2020-10-08,AZYO,Aziyo Biologics,17,13.92,-0.1812
2020-10-07,NGAC,NextGen Acquisition,10,10.42,0.042
2020-10-07,MAAC,Montes Archimedes Acquisition,10,9.85,-0.015
2020-10-07,EMPW,Empower,10,10.1,0.01
2020-10-07,SQFT,Presidio Property Trust,5,3.71,-0.258
2020-10-07,PACE,TPG Pace Tech Opportunities,10,10.25,0.025
2020-10-07,TPGY,TPG Pace Beneficial Finance,10,19.54,0.954
2020-10-06,FMAC,FirstMark Horizon Acquisition,10,10.47,0.047
2020-10-02,APSG,Apollo Strategic Growth Capital,10,10.12,0.012
2020-10-02,IMNM,Immunome,12,30.29,1.5242
2020-10-02,AVAN,Avanti Acquisition,10,10,0
2020-10-02,ASAQ,Atlantic Street Acquisition,10,9.86,-0.014
2020-10-02,IACA,ION Acquisition Corp 1,10,10.84,0.084
2020-10-02,SEAH,Sports Entertainment Acquisition,10,9.99,-0.001
2020-10-02,ASO,Academy Sports and Outdoors,13,25.16,0.9354
2020-10-02,ONCR,Oncorus,15,16.38,0.092
2020-10-02,CCCC,C4 Therapeutics,19,43.73,1.3016
2020-10-02,VGAC,VG Acquisition,10,10.5,0.05
2020-10-02,VYGG,Vy Global Growth,10,10.59,0.059
2020-10-01,IMPX,AEA-Bridges Impact Corp,10,9.91,-0.009
2020-10-01,LXEH,Lixiang Education,9.25,9,-0.027
2020-10-01,THRY,Thryv Holdings,10.17,19,0.8682
2020-10-01,AGC,Altimeter Growth Corp.,10,12.85,0.285
2020-10-01,AVO,Mission Produce,12,20.51,0.7092
2020-10-01,IGAC,IG Acquisition,10,9.95,-0.005
2020-10-01,LUNG,Pulmonx,19,59.85,2.15
2020-10-01,RCHG,Recharge Acquisition,10,9.93,-0.007
2020-09-30,BQ,Boqii Holding,10,6.09,-0.391
2020-09-30,VSPR,Vesper Healthcare Acquisition,10,11.22,0.122
2020-09-30,PLTR,Palantir,7.25,25.21,2.4772
2020-09-30,QELL,Qell Acquisition,10,10.4,0.04
2020-09-30,CD,Chindata Group,13.5,18.85,0.3963
2020-09-30,ASAN,Asana,21,33.03,0.5729
2020-09-30,YALA,Yalla Group,7.5,28.2,2.76
2020-09-30,CLII,Climate Change Crisis Real Impact I,10,12.68,0.268
2020-09-30,FGNA,FG New America Acquisition,10,10.15,0.015
2020-09-29,ORPH,Orphazyme,11,12.7,0.1545
2020-09-25,AMST,Amesite,5,5.26,0.052
2020-09-25,FTIV,FinTech Acquisition IV,10,11.14,0.114
2020-09-25,VACQ,Vector Acquisition,10,11.99,0.199
2020-09-25,SYTA,Siyata Mobile,7.25,9.22,0.2717
2020-09-25,PRLD,Prelude Therapeutics,19,56.32,1.9642
2020-09-25,GLSI,Greenwich LifeSciences,5.75,29.4,4.113
2020-09-25,PMVP,PMV Pharmaceuticals,18,39.95,1.2194
2020-09-25,GRAY,Graybug Vision,16,7.82,-0.5113
2020-09-25,VIAO,VIA optronics AG,15,13.2,-0.12
2020-09-24,TSHA,Taysha Gene Therapies,20,24.67,0.2335
2020-09-24,PDAC,Peridot Acquisition,10,10.76,0.076
2020-09-23,ACTC,ArcLight Clean Transition,10,18.25,0.825
2020-09-23,CRSR,Corsair Gaming,17,34.25,1.0147
2020-09-23,VIH,VPC Impact Acquisition,10,15.07,0.507
2020-09-23,GDRX,GoodRx Holdings,33,37.42,0.1339
2020-09-23,LSF,Laird Superfood,22,36.37,0.6532
2020-09-23,ASPL,Aspirational Consumer Lifestyle Corp.,10,10.37,0.037
2020-09-23,BSY,Bentley Systems,22,43.86,0.9936
2020-09-22,FCAC,Falcon Capital Acquisition,10,10.21,0.021
2020-09-22,PMVC,PMV Consumer Acquisition,10,9.88,-0.012
2020-09-18,CMPS,COMPASS Pathways,17,42.76,1.5153
2020-09-18,AHAC,Alpha Healthcare Acquisition,10,10.88,0.088
2020-09-18,U,Unity Software,52,108.98,1.0958
2020-09-18,VTRU,Vitru,16,14.7,-0.0813
2020-09-18,ATHA,Athira Pharma,17,20.66,0.2153
2020-09-18,NMMC,North Mountain Merger,10,10.15,0.015
2020-09-17,STWO,ACON S2 Acquisition,10,9.98,-0.002
2020-09-17,DYN,Dyne Therapeutics,19,16.57,-0.1279
2020-09-17,AMWL,Amwell,18,21.04,0.1689
2020-09-17,SUMO,Sumo Logic,22,21,-0.0455
2020-09-17,OACB,Oaktree Acquisition II,10,10.24,0.024
2020-09-17,PTVE,Pactiv Evergreen,14,16.82,0.2014
2020-09-17,RTP,Reinvent Technology Partners,10,10.93,0.093
2020-09-17,BNL,Broadstone Net Lease,17,18.35,0.0794
2020-09-16,EQD,Equity Distribution Acquisition,10,10.03,0.003
2020-09-16,STEP,StepStone Group,18,30.96,0.72
2020-09-16,SNOW,Snowflake,120,230.3,0.9192
2020-09-16,ENPC,Executive Network Partnering,25,24.4,-0.024
2020-09-16,MTCR,Metacrine,13,8.04,-0.3815
2020-09-16,FROG,JFrog,44,47.55,0.0807
2020-09-15,SBG,Sandbridge Acquisition,10,9.97,-0.003
2020-09-15,OM,Outset Medical,27,48.78,0.8067
2020-09-15,SAII,Software Acquisition Group II,10,10.68,0.068
2020-09-11,SNPR,Tortoise Acquisition II,10,10.91,0.091
2020-09-11,TWCT,TWC Tech Holdings II,10,10,0
2020-09-11,LEAP,Ribbit LEAP,10,12.74,0.274
2020-09-11,LSPD,Lightspeed POS,30.5,68.72,1.2531
2020-09-11,BSN,Broadstone Acquisition,10,9.89,-0.011
2020-09-10,SVAC,Starboard Value Acquisition,10,10.1,0.01
2020-09-10,PIAI,Prime Impact Acquisition I,10,9.96,-0.004
2020-09-10,NSH,NavSight Holdings,10,10.3,0.03
2020-09-09,CRHC,Cohn Robbins Holdings,10,10.24,0.024
2020-09-09,ITAC,Industrial Tech Acquisitions,10,9.98,-0.002
2020-09-04,TWND,Tailwind Acquisition,10,10.2,0.02
2020-09-04,CAPA,HighCape Capital Acquisition,10,13.08,0.308
2020-09-03,INAQ,INSU Acquisition II,10,18,0.8
2020-09-03,BCTG,BCTG Acquisition,10,11.15,0.115
2020-09-02,CMLF,CM Life Sciences,10,16.65,0.665
2020-09-01,PRFX,PainReform,8,5.67,-0.2913
2020-08-31,AUVI,Applied UV,5,9.29,0.858
2020-08-28,HCDI,Harbor Custom Development,6,3.5,-0.4167
2020-08-28,GP,GreenPower Motor,20,27.41,0.3705
2020-08-27,XPEV,XPeng,15,36.12,1.408
2020-08-27,BTAQ,Burgundy Technology Acquisition,10,10.06,0.006
2020-08-27,CFII,CF Finance Acquisition II,10,9.19,-0.081
2020-08-26,FTOC,FTAC Olympus Acquisition,10,11.59,0.159
2020-08-21,CLA,Colonnade Acquisition,10,12,0.2
2020-08-21,FST,Fast Acquisition,10,12.73,0.273
2020-08-21,KYMR,Kymera Therapeutics,20,57.43,1.8715
2020-08-21,HZAC,Horizon Acquisition,10,10.16,0.016
2020-08-21,NNOX,Nano-X Imaging,18,48.79,1.7106
2020-08-19,HRMY,Harmony Biosciences,24,30.77,0.2821
2020-08-19,INBX,Inhibrx,17,23.55,0.3853
2020-08-19,BFT,Foley Trasimene Acquisition II,10,16,0.6
2020-08-18,STPK,Star Peak Energy Transition,10,31.99,2.199
2020-08-18,FIII,Forum Merger III,10,10.26,0.026
2020-08-18,AONE,One,10,12.35,0.235
2020-08-18,NGA,Northern Genesis Acquisition,10,19.08,0.908
2020-08-14,LCAP,Lionheart Acquisition II,10,9.87,-0.013
2020-08-14,CVAC,CureVac,16,94.29,4.8931
2020-08-14,DGNR,Dragoneer Growth Opportunities,10,11.07,0.107
2020-08-14,DMYD,dMY Technology Group II,10,16.79,0.679
2020-08-14,DCT,Duck Creek Technologies,27,46.64,0.7274
2020-08-13,NTST,NetSTREIT,18,18.47,0.0261
2020-08-13,BEKE,KE Holdings,20,67,2.35
2020-08-13,RBAC,Redball Acquisition,10,10.2,0.02
2020-08-12,FAII,Fortress Value Acquisition II,10,10.04,0.004
2020-08-12,KBNT,Kubient,5,7.9,0.58
2020-08-12,FSDC,FS Development,10,12.66,0.266
2020-08-07,VMAC,Vistas Media Acquisition,10,9.97,-0.003
2020-08-07,ARYA,Arya Sciences Acquisition III,10,13.74,0.374
2020-08-07,CMPI,Checkmate Pharmaceuticals,15,14.98,-0.0013
2020-08-07,FRLN,Freeline Therapeutics,18,13.39,-0.2561
2020-08-07,IBEX,IBEX Holdings,19,21.29,0.1205
2020-08-06,KSMT,Kismet Acquisition One,10,9.9,-0.01
2020-08-06,GRSV,Gores Holdings V,10,10.07,0.007
2020-08-06,AFIB,Acutus Medical,18,19.06,0.0589
2020-08-06,RKT,Rocket Companies,18,24.5,0.3611
2020-08-06,OSH,Oak Street Health,21,57.35,1.731
2020-08-05,RXT,Rackspace Technology,21,23.64,0.1257
2020-08-05,BOWX,BowX Acquisition,10,9.95,-0.005
2020-08-05,BIGC,BigCommerce,24,55.71,1.3213
2020-08-05,HOL,Holicity,10,13.1,0.31
2020-08-05,GOAC,GO Acquisition,10,10,0
2020-08-04,YAC,Yucaipa Acquisition,10,9.96,-0.004
2020-08-04,HSAQ,Health Sciences Acquisitions 2,10,10.98,0.098
2020-07-31,VITL,Vital Farms,22,28.68,0.3036
2020-07-31,FTHM,Fathom Holdings,10,42.94,3.294
2020-07-31,ETAC,E.merge Technology Acquisition,10,9.93,-0.007
2020-07-31,NHIC,NewHold Investment Corp.,10,10.5,0.05
2020-07-31,VSTA,Vasta Platform,19,12.08,-0.3642
2020-07-31,PRPB,CC Neuberger Principal Holdings II,10,10.15,0.015
2020-07-31,GOED,1847 Goedeker,9,10.61,0.1789
2020-07-30,CCIV,Churchill Capital Corp. IV,10,29.5,1.95
2020-07-30,LI,Li Auto,11.5,25.43,1.2113
2020-07-30,ALVR,AlloVir,17,27.78,0.6341
2020-07-29,VERX,Vertex,19,25.67,0.3511
2020-07-28,ACEV,ACE Convergence Acquisition,10,10.49,0.049
2020-07-24,ITOS,iTeos Therapeutics,19,34.95,0.8395
2020-07-24,INZY,Inozyme Pharma,16,22.14,0.3838
2020-07-24,ACND,Ascendant Digital Acquisition,10,9.93,-0.007
2020-07-24,ANNX,Annexon Biosciences,17,31.54,0.8553
2020-07-24,GRCY,Greencity Acquisition,10,10.06,0.006
2020-07-24,NRIX,Nurix Therapeutics,19,45.96,1.4189
2020-07-23,EDTK,Skillful Craftsman,5,3.6,-0.28
2020-07-23,ERES,East Resources Acquisition,10,9.99,-0.001
2020-07-23,MEG,Montrose Environmental Group,15,49.78,2.3187
2020-07-22,PSAC,Property Solutions Acquisition,10,13.14,0.314
2020-07-22,PSTH,Pershing Square Tontine Holdings,20,27.23,0.3615
2020-07-22,JAMF,Jamf Holding,26,38.55,0.4827
2020-07-17,ALXO,ALX Oncology Holdings,19,80.76,3.2505
2020-07-17,RNLX,Renalytix AI,13.5,29.82,1.2089
2020-07-17,DFHT,Deerfield Healthcare Technology Acquisitions,10,14.19,0.419
2020-07-17,BLI,Berkeley Lights,22,54.87,1.4941
2020-07-17,PAND,Pandion Therapeutics,18,59.95,2.3306
2020-07-16,TIG,Trean Insurance Group,15,16.96,0.1307
2020-07-16,RLAY,Relay Therapeutics,20,40.26,1.013
2020-07-15,GOCO,GoHealth,21,11.65,-0.4452
2020-07-15,MLAC,Malacca Straits Acquisition,10,9.94,-0.006
2020-07-15,DEH,D8 Holdings,10,9.96,-0.004
2020-07-15,HPX,HPX Corp.,10,10,0
2020-07-14,AACQ,Artius Acquisition,10,10.35,0.035
2020-07-14,NCNO,"nCino, Inc.",31,70.61,1.2777
2020-07-13,PTK,PTK Acquisition,10,9.98,-0.002
2020-07-10,PSTX,Poseida Therapeutics,16,11.4,-0.2875
2020-07-10,NKTX,Nkarta,18,45.13,1.5072
2020-07-10,QH,Quhuo,10,6.55,-0.345
2020-07-10,IVA,Inventiva,14.4,13.8,-0.0417
2020-07-08,BLCT,BlueCity Holdings,16,12.55,-0.2156
2020-07-08,TXAC,Therapeutics Acquisition,10,12.96,0.296
2020-07-08,RACA,Therapeutics Acquisition,10,12,0.2
2020-07-02,LMND,Lemonade,29,104.77,2.6128
2020-07-02,CPSR,Capstar Special Purpose Acquisition,10,9.86,-0.014
2020-07-02,ACCD,Accolade,22,47.24,1.1473
2020-07-01,PANA,Panacea Acquisition,10,10.42,0.042
2020-07-01,DNB,Dun & Bradstreet,22,24.49,0.1132
2020-06-30,GSAH,GS Acquisition Holdings II,10,11.28,0.128
2020-06-30,ADTX,Aditx Therapeutics,9,3.46,-0.6156
2020-06-26,API,Agora,20,59.63,1.9815
2020-06-26,ACI,Albertsons Companies,16,18.72,0.17
2020-06-26,FUSE,Fusion Acquisition,10,10.39,0.039
2020-06-26,KCAC,Kensington Capital Acquisition,10,23.5,1.35
2020-06-26,PYPD,PolyPid,16,10.48,-0.345
2020-06-26,EBON,Ebang International,5.23,11.78,1.2524
2020-06-26,FUSN,Fusion Pharmaceuticals,17,11.51,-0.3229
2020-06-26,AKUS,Akouos,17,20.76,0.2212
2020-06-24,BRLI,Brilliant Acquisition,10,9.93,-0.007
2020-06-19,GTH,Genetron Holdings,16,23.64,0.4775
2020-06-19,NUZE,"NuZee, Inc.",9,5.5,-0.3889
2020-06-19,RPTX,Repare Therapeutics,20,29.25,0.4625
2020-06-19,PROG,Progenity,15,4.98,-0.668
2020-06-19,FMTX,Forma Therapeutics,20,35.49,0.7745
2020-06-17,TREB,Trebia Acquisition,10,10.54,0.054
2020-06-16,RPRX,Royalty Pharma,28,48.62,0.7364
2020-06-12,BNR,Burning Rock Biotech,16.5,25.06,0.5188
2020-06-12,AZEK,AZEK Company,23,44.4,0.9304
2020-06-12,PCVX,Vaxcyte,16,27.25,0.7031
2020-06-12,RNA,Avidity Biosciences,18,26.52,0.4733
2020-06-12,GBIO,Generation Bio,19,34.4,0.8105
2020-06-11,LTRN,Lantern Pharma,15,21.92,0.4613
2020-06-10,UCL,uCloudlink Group,18,10.59,-0.4117
2020-06-09,HEC,Hudson Executive Investment Corp.,10,10.13,0.013
2020-06-09,VRM,Vroom,22,37.23,0.6923
2020-06-05,LEGN,Legend Biotech,23,28.31,0.2309
2020-06-05,MCAC,Mountain Crest Acquisition,10,13.34,0.334
2020-06-05,AMTI,Applied Molecular Transport,14,67.66,3.8329
2020-06-05,CALT,Calliditas Therapeutics,19.5,29.82,0.5292
2020-06-05,FOUR,Shift4 Payments,23,89.25,2.8804
2020-06-05,ARYB,ARYA Sciences Acquisition II,10,10.1,0.01
2020-06-05,DADA,Dada Nexus,16,31.14,0.9463
2020-06-04,ZI,ZoomInfo Technologies,21,48.53,1.311
2020-06-03,WMG,Warner Music Group,25,34.55,0.382
2020-06-03,PLRX,Pliant Therapeutics,16,40,1.5
2020-05-27,WPF,Foley Trasimene Acquisition,10,10.29,0.029
2020-05-22,NARI,Inari Medical,19,108.34,4.7021
2020-05-21,LGVW,Longview Acquisition,10,23.05,1.305
2020-05-21,SLQT,SelectQuote,20,29.39,0.4695
2020-05-20,BMRG,B. Riley Principal Merger II,10,10.68,0.068
2020-05-15,NOVS,Novus Capital,10,24.95,1.495
2020-05-15,ADCT,ADC Therapeutics SA,19,29.4,0.5474
2020-05-14,GIK,GigCapital3,10,12.02,0.202
2020-05-14,JWS,Jaws Acquisition,10,13.13,0.313
2020-05-08,CLEU,China Liberal Education Holdings,6,4.06,-0.3233
2020-05-08,KC,Kingsoft Cloud Holdings,17,47.43,1.79
2020-05-08,AYLA,Ayala Pharmaceuticals,15,13.6,-0.0933
2020-05-06,LOAK,Live Oak Acquisition,10,24.2,1.42
2020-05-06,SOAC,Sustainable Opportunities Acquisition,10,10.18,0.018
2020-05-05,GAN,GAN Limited,8.5,28.29,2.3282
2020-05-05,ROCH,Roth CH Acquisition I,10,28.9,1.89
2020-05-01,CGRO,Collective Growth,10,11.3,0.13
2020-05-01,LYRA,Lyra Therapeutics,16,14.02,-0.1238
2020-04-30,FVAC,Fortress Value Acquisition,10,14.39,0.439
2020-04-28,IPOB,Social Capital Hedosophia II,10,29.5,1.95
2020-04-24,ORIC,Oric Pharmaceuticals,16,28.81,0.8006
2020-04-24,PCPL,CC Neuberger Principal Holdings I,10,10.98,0.098
2020-04-24,CHAQ,Chardan Healthcare Acquisition 2,10,10.02,0.002
2020-04-22,IPOC,Social Capital Hedosophia III,10,16.02,0.602
2020-04-08,KROS,Keros Therapeutics,16,59.75,2.7344
2020-04-03,ZNTL,Zentalis Pharmaceuticals,18,46.15,1.5639
2020-04-01,WIMI,WiMi Hologram Cloud,5.5,8.96,0.6291
2020-03-12,IMRA,IMARA Inc.,16,10.4,-0.35
2020-03-11,DFPH,DFP Healthcare Acquisitions,10,10.05,0.005
2020-03-06,LSAC,LifeSci Acquisition,10,19,0.9
2020-03-06,FEAC,Flying Eagle Acquisition,10,17.68,0.768
2020-03-03,GFL,GFL Environmental,19,33.07,0.7405
2020-02-28,PASG,Passage Bio,18,20.65,0.1472
2020-02-24,ZCMD,Zhongchao,4,2.66,-0.335
2020-02-21,DMYT,dMY Technology Group,10,22.76,1.276
2020-02-20,ESSC,East Stone Acquisition,10,9.98,-0.002
2020-02-14,CCXX,Churchill Capital III,10,9.84,-0.016
2020-02-14,NBAC,Newborn Acquisition,10,15.66,0.566
2020-02-13,MEDS,Trxade Group,6.5,6.49,-0.0015
2020-02-13,ZGYH,Yunhong International,10,9.99,-0.001
2020-02-13,RVMD,Revolution Medicines,17,49.54,1.9141
2020-02-13,GRIL,Muscle Maker,5,2.4,-0.52
2020-02-12,HUIZ,Huize Holding,10.5,10.56,0.0057
2020-02-11,CCAC,CITIC Capital Acquisition,10,10.44,0.044
2020-02-11,GNRS,Greenrose Acquisition,10,9.95,-0.005
2020-02-07,PFHD,Professional Holding,18.5,17.11,-0.0751
2020-02-07,ONEW,OneWater Marine,12,42.48,2.54
2020-02-07,NREF,NexPoint Real Estate Finance,19,18.74,-0.0137
2020-02-06,SDGR,Schrodinger,17,81.25,3.7794
2020-02-06,BEAM,Beam Therapeutics,17,97.8,4.7529
2020-02-06,CSPR,Casper Sleep,12,8.25,-0.3125
2020-02-06,PPD,"PPD, Inc.",27,38.06,0.4096
2020-01-31,ONEM,1Life Healthcare,14,42.17,2.0121
2020-01-31,REYN,Reynolds Consumer Products,26,30.01,0.1542
2020-01-31,ARQT,Arcutis Biotherapeutics,17,32.34,0.9024
2020-01-30,ANPC,AnPac Bio-Medical Science,12,7.15,-0.4042
2020-01-30,BDTX,Black Diamond Therapeutics,19,25.85,0.3605
2020-01-29,ANVS,Annovis Bio,6,38.44,5.4067
2020-01-24,SCVX,SCVX Corp.,10,9.95,-0.005
2020-01-24,GHIV,Gores Holdings IV,10,11.54,0.154
2020-01-17,VEL,Velocity Financial,13,9.01,-0.3069
2020-01-17,IMAB,I-Mab,14,56.69,3.0493
2020-01-17,LIZI,Lizhi Inc.,11,12.35,0.1227
2020-01-17,DNK,Phoenix Tree Holdings,13.5,2.37,-0.8247
2019-12-30,MKD,Molecular Data,5.38,1.25,-0.7677
2019-12-19,MNPR,Monopar Therapeutics,8,7.05,-0.1188
2019-12-19,INDO,Indonesia Energy,11,7.01,-0.3627
2019-12-13,CIIC,CIIG Merger,10,24.35,1.435
2019-12-13,HCCO,Healthcare Merger Corp,10,8.97,-0.103
2019-12-13,SPT,Sprout Social,17,61,2.5882
2019-12-13,OCFT,OneConnect Financial Technology,10,15.78,0.578
2019-12-12,BILL,Bill.com,22,146.34,5.6518
2019-12-12,EH,EHang Holdings,12.5,46.31,2.7048
2019-12-11,XP,XP Inc.,27,39.64,0.4681
2019-12-11,LIVK,LIV Capital Acquisition,10,9.98,-0.002
2019-12-05,LMPX,LMP Automotive Holdings,5,19.78,2.956
2019-11-26,ALUS,Alussa Energy Acquisition,10,10.34,0.034
2019-11-22,CHPM,CHP Merger,10,10,0
2019-11-22,PINE,Alpine Income Property Trust,19,17.27,-0.0911
2019-11-22,PTAC,PropTech Acquisition,10,14.81,0.481
2019-11-21,SITM,SiTime,13,102.9,6.9154
2019-11-21,CAN,Canaan,9,27.62,2.0689
2019-11-20,SAQN,Software Acquisition Group,10,10.1,0.01
2019-11-20,AMHC,Amplitude Healthcare Acquisition,10,9.9,-0.01
2019-11-19,GRNV,Greenvision Acquisition,10,10.16,0.016
2019-11-13,YAYO,Rideshare Rental,4,3.7,-0.0763
2019-11-11,ETNB,89bio,16,25.09,0.5681
2019-11-08,SRAC,Stable Road Acquisition,10,15.08,0.508
2019-11-08,KRKR,36Kr Holdings,14.5,3.95,-0.7276
2019-11-08,JIH,Juniper Industrial Holdings,10,12.25,0.225
2019-11-08,TELA,TELA Bio,13,15.74,0.2108
2019-11-08,CNSP,CNS Pharmaceuticals,4,2.7,-0.325
2019-11-08,MOHO,ECMOHO Limited,10,2.46,-0.754
2019-11-07,CNTG,Centogene,14,13,-0.0714
2019-11-07,DFNS,LGL Systems Acquisition,10,9.98,-0.002
2019-11-07,GRTX,Galera Therapeutics,12,11.67,-0.0275
2019-11-07,SI,Silvergate Capital,12,160.36,12.36
2019-11-05,MCMJ,Merida Merger Corp. I,10,10,0
2019-11-05,QK,Q&K International Group,17,3.07,-0.8194
2019-11-01,DUO,Fangdd Network Group,13,7.37,-0.4331
2019-11-01,FSRV,Finserv Acquisition,10,13.8,0.38
2019-11-01,SFTW,Osprey Technology Acquisition,10,10.54,0.054
2019-10-31,RAPT,Rapt Therapeutics,12,23.46,0.955
2019-10-31,OYST,Oyster Point Pharma,16,22.43,0.4019
2019-10-25,PHAT,Phathom Pharmaceuticals,19,43.46,1.2874
2019-10-25,PGNY,Progyny,13,47.13,2.6254
2019-10-25,TFFP,TFF Pharmaceuticals,5,15.83,2.166
2019-10-25,DAO,Youdao,17,33.29,0.9582
2019-10-25,AIH,Aesthetic Medical International,12,7.7,-0.3583
2019-10-25,CABA,Cabaletta Bio,11,11.31,0.0282
2019-10-25,HAPP,Happiness Biotech Group,5.5,2.13,-0.6127
2019-10-24,BRP,BRP Group,14,27.18,0.9414
2019-10-18,GLEO,Galileo Acquisition,10,9.99,-0.001
2019-10-18,LATN,Union Acquisition Corp. II,10,10.01,0.001
2019-10-17,IPHA,Innate Pharma,5.5,4.5,-0.1818
2019-10-17,BRBR,Bellring Brands,14,24.98,0.7843
2019-10-11,VIR,Vir Biotechnology,20,53.67,1.6835
2019-10-11,HBT,HBT Financial,16,17.83,0.1144
2019-10-10,BNTX,BioNTech SE,15,107.59,6.1727
2019-10-03,VIE,Viela Bio,19,53.01,1.79
2019-10-03,MCBS,MetroCity Bankshares,13.5,16.16,0.197
2019-10-03,FREQ,Frequency Therapeutics,14,34.25,1.4464
2019-10-03,APRE,Aprea Therapeutics,15,5.7,-0.62
2019-09-26,PTON,Peloton Interactive,29,108.31,2.7348
2019-09-26,OPRT,Oportun Financial,15,21.1,0.4067
2019-09-19,PING,Ping Identity,15,23.11,0.5407
2019-09-19,DDOG,Datadog,27,84.03,2.1122
2019-09-19,XGN,Exagen,14,20,0.4286
2019-09-18,IGMS,IGM Biosciences,16,91.1,4.6938
2019-09-18,NVST,Envista Holdings,22,41.44,0.8836
2019-09-17,APXT,Apex Technology Acquisition,10,12.42,0.242
2019-09-13,SWTX,Springworks Therapeutics,18,68.2,2.7889
2019-09-13,NET,Cloudflare,15,71.69,3.7793
2019-09-13,STSA,Satsuma Pharmaceuticals,15,6.25,-0.5833
2019-09-13,EXPC,Experience Investment,10,11.92,0.192
2019-09-13,ALRS,Alerus Financial,21,34.25,0.631
2019-09-12,TXG,10X Genomics,39,177.76,3.5579
2019-09-12,SDC,SmileDirectClub,23,11.15,-0.5152
2019-09-11,NPA,New Providence Acquisition,10,12.48,0.248
2019-08-15,JFU,9F Inc.,9.5,2.09,-0.78
2019-08-15,CFB,CrossFirst Bankshares,14.5,14.47,-0.0021
2019-08-14,PLIN,China Xiangtai Food,5,1.13,-0.774
2019-08-09,THBR,Thunder Bridge Acquisition II,10,10.48,0.048
2019-08-08,SSPK,Silver Spike Acquisition,10,19.64,0.964
2019-08-08,INMD,InMode,14,71.06,4.0757
2019-08-05,HKIB,AMTD International,8.38,7.06,-0.1575
2019-08-02,ORSN,Orisun Acquisition,10,8.17,-0.183
2019-08-01,KRUS,Kura Sushi USA,14,36.25,1.5893
2019-08-01,SNDL,Sundial Growers,13,1.49,-0.8854
2019-08-01,DT,Dynatrace,16,50.9,2.1813
2019-07-31,NFIN,Netfin Acquisition,10,11.4,0.14
2019-07-31,BORR,Borr Drilling,9.3,1.14,-0.8774
2019-07-26,VIST,Vista Oil & Gas,9,2.83,-0.6856
2019-07-26,CCX,Churchill Capital Corp II,10,10.03,0.003
2019-07-26,BHAT,Blue Hat Interactive,4,1.52,-0.62
2019-07-26,SBE,Switchback Energy Acquisition,10,30.83,2.083
2019-07-26,WSG,Wanda Sports Group,8,2.5,-0.6881
2019-07-25,HCAT,Health Catalyst,26,46.96,0.8062
2019-07-25,NOVA,Sunnova Energy,12,35.53,1.9608
2019-07-25,LVGO,Livongo Health,28,139.77,3.9918
2019-07-25,CSTL,Castle Biosciences,16,66.53,3.1581
2019-07-25,PROS,ProSight Global,14,12.6,-0.1
2019-07-24,EIC,Eagle Point Income,19,15.35,-0.1921
2019-07-19,MDLA,Medallia,21,28.32,0.3486
2019-07-19,IFS,Intercorp Financial Services,46,29.44,-0.36
2019-07-19,AFYA,Afya,19,20.64,0.0863
2019-07-18,PHR,Phreesia,17,55.18,2.2459
2019-07-18,MIRM,Mirum Pharmaceuticals,15,19.64,0.3093
2019-07-18,CPAA,Conyers Park II Acquisition,10,8.86,-0.114
2019-07-18,ORCC,Owl Rock Capital,15.3,14.24,-0.0693
2019-07-18,AMK,AssetMark Financial,22,23.13,0.0514
2019-07-18,OAC,Oaktree Acquisition,10,16.38,0.638
2019-07-18,FULC,Fulcrum Therapeutics,16,11.36,-0.29
2019-07-18,IHRT,iHeartMedia,17,18.09,0.0641
2019-07-17,DOYU,DouYu,11.5,13.17,0.1452
2019-07-12,SCPE,SC Health,10,10.11,0.011
2019-07-12,PIC,Pivotal Investment II,10,19.54,0.954
2019-07-12,THCA,Tuscan Holdings Corp. II,10,10.12,0.012
2019-07-02,RMBI,Richmond Mutual Bancorporation,10,14.35,0.435
2019-06-28,KRTX,Karuna Therapeutics,16,116.69,6.2931
2019-06-28,REAL,"RealReal, Inc",20,23.32,0.166
2019-06-27,MORF,Morphic Holding,15,64.51,3.3007
2019-06-27,ADPT,Adaptive Biotechnologies,20,41.89,1.0945
2019-06-27,CHNG,Change Healthcare,13,22.75,0.75
2019-06-27,BBIO,BridgeBio Pharma,17,67.66,2.98
2019-06-26,LINX,Linx S.A.,9.4,6.7,-0.2872
2019-06-26,CMBM,Cambium Networks,12,49.48,3.1233
2019-06-20,AKRO,Akero Therapeutics,16,31.73,0.9831
2019-06-20,PSNL,Personalis,17,25.01,0.4712
2019-06-20,GO,Grocery Outlet,22,36.26,0.6482
2019-06-20,BCEL,Atreca,17,15.99,-0.0594
2019-06-20,WORK,Slack Technologies,26,40.8,0.5692
2019-06-20,PRVL,Prevail Therapeutics,17,23,0.3529
2019-06-20,SMMC,South Mountain Merger,10,16.8,0.68
2019-06-19,STOK,Stoke Therapeutics,18,47.9,1.6611
2019-06-14,CHWY,Chewy,22,82.53,2.7514
2019-06-13,FVRR,Fiverr International,21,224.93,9.711
2019-06-12,MWK,Mohawk Group Holdings,10,35.45,2.545
2019-06-12,CRWD,CrowdStrike,34,194.63,4.7244
2019-06-07,RVLV,Revolve Group,18,52.28,1.9044
2019-06-07,HYAC,Haymaker Acquisition II,10,9.52,-0.048
2019-06-06,GIX,GigCapital2,10,10.02,0.002
2019-06-06,GSX,GSX Techedu,10.5,86.6,7.2476
2019-05-23,BCYC,Bicycle Therapeutics,14,26,0.8571
2019-05-23,RTLR,Rattler Midstream,17.5,11.43,-0.3469
2019-05-23,IDYA,IDEAYA Biosciences,10,22.58,1.258
2019-05-21,GXGX,GX Acquisition,10,10.07,0.007
2019-05-17,FSLY,Fastly,16,70.8,3.425
2019-05-17,AVTR,Avantor,14,28.7,1.05
2019-05-17,LKNCY,Luckin Coffee,17,9.99,-0.4124
2019-05-15,PSTL,Postal Realty Trust,17,15.92,-0.0635
2019-05-14,APLT,Applied Therapeutics,10,20.33,1.033
2019-05-14,AGBA,AGBA Acquisition,10,10.55,0.055
2019-05-10,SONM,Sonim Technologies,11,0.98,-0.9111
2019-05-10,UBER,Uber Technologies,45,57.08,0.2684
2019-05-10,JFIN,Jiayin Group,10.5,8.22,-0.2171
2019-05-09,MEC,Mayville Engineering,17,16.4,-0.0353
2019-05-09,CRTX,Cortexyme,17,36.5,1.1471
2019-05-09,SPFI,South Plains Financial,17.5,24.41,0.3949
2019-05-09,NXTC,NextCure,15,11.93,-0.2047
2019-05-09,AXLA,Axcella Health,20,5.42,-0.729
2019-05-09,HHR,Headhunter Group,13.5,36.07,1.6719
2019-05-08,PSN,Parsons,27,37.7,0.3963
2019-05-07,LCA,Landcadia Holdings II,10,25.49,1.549
2019-05-07,TRVI,Trevi Therapeutics,10,2.75,-0.725
2019-05-06,TBBA,TEB Bancorp,10,9.28,-0.0725
2019-05-03,SCPL,SciPlay,16,15.99,-0.0006
2019-05-03,YJ,Yunji,11,2.63,-0.7609
2019-05-03,RRBI,Red River Bancshares,45,60.89,0.3531
2019-05-03,ATIF,ATIF Holdings,5,1.59,-0.682
2019-05-02,BYND,Beyond Meat,25,139.39,4.5756
2019-05-02,SY,So-Young International,13.8,12.03,-0.1283
2019-05-02,TMDX,TransMedics Group,16,44.29,1.7681
2019-04-30,WAFU,Wah Fu Education Group,5,5.94,0.188
2019-04-18,HOOK,HOOKIPA Pharma,14,14.7,0.05
2019-04-18,PINS,Pinterest,19,73.01,2.8426
2019-04-18,ZM,Zoom Video Communications,36,326.26,8.0628
2019-04-18,GNLN,Greenlane Holdings,17,5.53,-0.6747
2019-04-18,MNRL,Brigham Minerals,18,15.18,-0.1567
2019-04-17,PLMR,Palomar Holdings,15,69.97,3.6647
2019-04-17,TPTX,Turning Point Therapeutics,18,105.72,4.8733
2019-04-17,BWAY,Brainsway,11,8.48,-0.2291
2019-04-12,JMIA,Jumia Technologies AG,14.5,42.14,1.9062
2019-04-11,TUFN,Tufin Software Technologies,14,11.19,-0.2007
2019-04-11,PD,PagerDuty,24,41.18,0.7158
2019-04-05,GHSI,Guardion Health Sciences,4,2.62,-0.345
2019-04-04,SILK,Silk Road Medical,20,49.12,1.456
2019-04-04,RPLA,Replay Acquisition,10,10.15,0.015
2019-04-04,NGM,NGM Biopharmaceuticals,16,30.18,0.8863
2019-04-04,TW,Tradeweb Markets,27,73.71,1.73
2019-04-03,RUHN,Ruhnn Holding,12.5,3.39,-0.7292
2019-04-02,PBTS,Powerbridge Technologies,5,3.68,-0.264
2019-03-29,LYFT,Lyft,72,66.56,-0.0756
2019-03-29,PUYI,Puyi Inc.,6,5.56,-0.0733
2019-03-28,DTIL,Precision BioSciences,16,11.09,-0.3069
2019-03-28,JFK,8i Enterprises Acquisition,10,9,-0.1
2019-03-28,WTRE,Watford Holdings,25.26,34.9,0.3816
2019-03-27,GNFT,Genfit,22,4.81,-0.7814
2019-03-21,LEVI,Levi Strauss & Co.,17,25.01,0.4712
2019-03-20,INSU,Insurance Acquisition,10,11.66,0.166
2019-03-20,TIGR,UP Fintech Holding,8,20.76,1.595
2019-03-15,TRNE,Trine Acquisition,10,24.77,1.477
2019-03-08,FUTU,Futu Holdings,12,131.78,9.9817
2019-03-08,CRSA,Crescent Acquisition,10,10.06,0.006
2019-03-07,SWAV,ShockWave Medical,17,119.13,6.0076
2019-03-05,THCB,Tuscan Holdings,10,13.96,0.396
2019-03-01,HCAC,Hennessy Capital Acquisition Corp IV,10,19.49,0.949
2019-02-28,KLDO,Kaleido Biosciences,15,10.9,-0.2733
2019-02-28,SHLL,Tortoise Acquisition Corp.,10,44.91,3.491
2019-02-28,DPHC,DiamondPeak Holdings,10,18.21,0.821
2019-02-26,SLGG,Super League Gaming,11,10.14,-0.0782
2019-02-22,ACAM,Acamar Partners Acquisition,10,12.3,0.23
2019-02-19,SOLY,Soliton,5,17.38,2.476
2019-02-15,AREC,American Resources,4,4.56,0.14
2019-02-15,MITO,Stealth BioTherapeutics,12,1.98,-0.835
2019-02-15,HOTH,Hoth Therapeutics,5.6,2.21,-0.6054
2019-02-14,TCRR,TCR2 Therapeutics,15,23.7,0.58
2019-02-13,IMAC,IMAC Holdings,5.13,2.06,-0.598
2019-02-12,ANCN,Anchiano Therapeutics,11.5,75.36,5.553
2019-02-08,HARP,Harpoon Therapeutics,14,19.07,0.3621
2019-02-08,RMG,RMG Acquisition,10,27,1.7
2019-02-08,GOSS,Gossamer Bio,16,9.38,-0.4138
2019-02-07,MNCL,Monocle Acquisition,10,12.2,0.22
2019-02-07,ALEC,Alector,19,21.02,0.1063
2019-02-04,IPV,InterPrivate Acquisition,10,13.04,0.304
2019-02-04,INMB,Inmune Bio,8,13.93,0.7413
2019-02-01,GMHI,Gores Metropoulos,10,18,0.8
2019-01-31,NFE,New Fortress Energy,14,52,2.7143
2019-01-29,ANDA,Andina Acquisition III,10,10.66,0.066
2019-01-17,RBKB,Rhinebeck Bancorp,10,10.49,0.049
2019-01-09,BCOW,1895 Bancorp of Wisconsin,10,14.94,0.494
2019-01-08,MDJH,MDJM Ltd.,5,4.25,-0.15
2019-01-08,MTC,"MMTec, Inc.",4,2.83,-0.2925
2019-01-04,SXTC,China SXT Pharmaceuticals,4,2.03,-0.4925
